instruction,input,output
เชื้อเพลิง วัตถุดิบ  วัตถุดิบ,,"ใช้ชานอ้อยซึ่งเป็นผลิตภัณฑ์พลอยได้ (Byproduct) จากการผลิตน้ําตาลเป็นเชื้อเพลิงในหม้อไอน้ํา  ซึ่งเหลือจากโรงงานน้ําตาลประมาณ 571,230 ตัน/ปี แบ่งตามฤดู ดังนี้ (ตารางที่ 2-5)   (1) ฤดูเปิดหีบอ้อย จํานวน 360,000 ตัน/ปี  
(2) ฤดูละลายน้ําตาล จํานวน 108,000 ตัน/ปี  
(3) ฤดูซ่อมแซมของโรงงานน้ําตาล จํานวน 103,230 ตัน/ปี   ดังนั้น จะเหลือชานอ้อยหลังปิดหีบ =525,000 – 300,000 ตัน   = 225,000 ตัน  ซึ่งชานอ้อยจํานวนนี้จะถูกเก็บไว้ที่ลานกองเก็บชานอ้อยของบริษัท เกษตรไทยอุตสาหกรรมน้ําตาล  จํากัด เพื่อส่งให้โครงการใช้ในการผลิตกระแสไฟฟ้าในฤดูละลายน้ําตาลเท่ากับ 108,000 ตัน และฤดู ซ่อมแซมของโรงงานน้ําตาลเท่ากับ 103,230 ตัน  "
เชื้อเพลิง วัตถุดิบ  เชื้อเพลิงรายละเอียดของเชื้อเพลิงชีวมวล  ,,"ชีวมวล (Biomass) คือ สารอินทรีย์ที่เป็นแหล่งกักเก็บพลังงานจากธรรมชาติและสามารถนํามาใช้ ผลิตพลังงานได้ สารอินทรีย์เหล่านี้ได้มาจากพืชและสัตว์ต่างๆ เช่น เศษไม้ ขยะ วัสดุเหลือใช้ทางการเกษตร  การใช้พลังงานชีวมวลเพื่อทําให้ได้พลังงานอาจจะทําโดย นํามาเผาไหม้เพื่อนําพลังงานความร้อนที่ได้ ไปใช้ ในกระบวนการผลิตไฟฟ้าทดแทนพลังงานจากฟอสซิล (เช่น น้ํามัน) ซึ่งมีอยู่อย่างจํากัดและอาจหมดลงได้ ชีว 
มวลเหล่านี้มีแหล่งที่มาต่างๆ กัน อาทิ พืชผลทางการเกษตร (agricultural crops) เศษวัสดุเหลือทิ้ง การเกษตร (agricultural residues) ไม้และเศษไม้ (wood and wood residues) หรือของเหลือจากกาก อุตสาหกรรมและชุมชน ตัวอย่างเช่น  
 - แกลบ ได้จากการสีข้าวเปลือก  
 - ชานอ้อย ได้จากการผลิตน้ําตาลทราย  
- เศษไม้ ได้จากการแปรรูปไม้ยางพาราหรือไม้ยูคาลิปตัสเป็นส่วนใหญ่ และบางส่วนได้จากสวนป่าที่ ปลูกไว้  
 - กากปาล์ม ได้จากการสกัดน้ํามันปาล์มดิบออกจากผลปาล์มสด  
 - กากมันสําปะหลัง ได้จากการผลิตแป้งมันสําปะหลัง  
 - ซังข้าวโพด ได้จากการสีข้าวโพดเพื่อนําเมล็ดออก  
 - กาบและกะลามะพร้าว ได้จากการนํามะพร้าวมาปลอกเปลือกออกเพื่อนําเนื้อมะพร้าวไปผลิต กะทิ และน้ํามันมะพร้าว - ส่าเหล้า ได้จากการผลิตแอลกอฮอล์เป็นต้น  
 พลังงานชีวมวล (Bio-energy) หมายถึง พลังงานที่สะสมอยู่ในสิ่งมีชีวิตที่สามารถนํามาใช้ทํางานได้  เช่น ต้นไม้ กิ่งไม้ หรือเศษวัสดุจากการเกษตรหรืออุตสาหกรรม เช่น แกลบ ฟาง ชานอ้อย ขี้เลื่อย เศษไม้  เปลือกไม้ มูลสัตว์ รวมทั้งของเหลือหรือขยะจากครัวเรือนมนุษย์  
เทคโนโลยีที่ใช้ในการแปรรูปชีวมวลที่ได้รับความนิยมในปัจจุบันเพื่อปรับปรุงคุณภาพให้มีคุณค่า มากขึ้นกว่าเดิมนั้นสามารถจําแนกได้ 2 เทคโนโลยีหลักๆ คือ  
 (1) กระบวนการเปลี่ยนองค์ประกอบทางเคมีโดยวิธีชีวเคมี (Biochemical Conversion Process)  (2) กระบวนการเปลี่ยนองค์ประกอบทางเคมีโดยใช้พลังงานความร้อน (Thermo chemical  Conversion Process) ใช้พลังงานความร้อนเผาผลาญ สารประกอบคาร์บอนและไฮโดรคาร์บอนซึ่ง หลงเหลือในส่วนหนึ่งของพืช จะได้ความร้อนออกมาตามค่าความร้อนของชนิดชีวมวล ความร้อนที่ได้จาก การเผาสามารถนําไปใช้ในการผลิตไอน้ําที่มีอุณหภูมิและความดันสูง ไอน้ํานี้จะถูกนําไปขับกังหันไอน้ําเพื่อ ผลิตไฟฟ้าต่อไป  "
เชื้อเพลิง วัตถุดิบ  เชื้อเพลิงเชื้อเพลิงชีวมวลมีประโยชน์ที่ดีกว่าเชื้อเพลิงทั่วไปดังนี้  ,," ไม่ส่งผลกระทบต่อปริมาณก๊าซในชั้นบรรยากาศ  
 - จากเชื้อเพลิงชีวมวลไม่เกิดกระบวนการผลิตก๊าซมีเทนเหมือนเชื้อเพลิงชนิดอื่น ซึ่งก๊าซนี้ อันตรายกว่าก๊าซในชั้นบรรยากาศถึง 21 เท่า  
 - การใช้พลังงานชีวมวลเป็นการลดปริมาณการนําเข้าของเชื้อเพลิงของประเทศได้   - เถ้าจากเชื้อเพลิงชีวมวลเป็น Alkai ซึ่งเมื่อออกปล่อยสู่สิ่งแวดล้อมสามารถลดการกัด กร่อนและการเกิดกรดได้(Acidification)  
 - เถ้าที่เหลือจากการเผาไหม้เชื้อเพลิงชีวมวล สามารถนําไปขายเป็นส่วนผสมในการผลิต ปูนซีเมนต์ได้  
อย่างไรก็ตาม เชื้อเพลิงชีวมวลมีข้อจํากัดเช่นกันดังนี้  
 - ค่าใช้จ่ายในการขนส่งสูงเพราะฉะนั้นระยะทางจากแหล่งกําเนิดถึงพื้นที่ควรจะสั้น   - เนื่องจากเชื้อเพลิงชีวมวลมีปริมาณความชื้นสูง ดังนั้นการปฏิบัติงานต้องการ Boiler ที่ ใหญ่มาก  
 - เนื่องจากเชื้อเพลิงชีวมวลมีปริมาณความชื้นสูง ดังนั้นอาจส่งผลกระทบให้ Boiler ไม่ ทํางานในสภาพเสถียร "
เชื้อเพลิง วัตถุดิบ  เชื้อเพลิงรายละเอียดของการเตรียมเชื้อเพลิง  ,,"สําหรับการดําเนินงานด้านการเตรียมเชื้อเพลิงของโครงการ มีรายละเอียดดังนี้  
 (1) เชื้อเพลิงที่ใช้เป็นชานอ้อยที่เหลือจากกระบวนการผลิตน้ําตาลของ บริษัท เกษตรไทย อุตสาหกรรมน้ําตาล จํากัด ซึ่งอยู่ในพื้นที่ติดกันจะถูกลําเลียงโดยระบบสายพานเข้าสู่หม้อไอน้ําโดยตรง  ระยะทางประมาณ 370 เมตร  
 (2) คุณลักษณะของชานอ้อย จากการตรวจสอบคุณสมบัติและองค์ประกอบของชานอ้อยที่จะนํา ชานอ้อยทั้งหมดไปใช้เป็นเชื้อเพลิงสําหรับหม้อต้มไอน้ํา เพื่อผลิตกระแสไฟฟ้าเป็นหลักเท่านั้นของโครงการ  สามารถสรุปคุณสมบัติกายภาพและเคมีของชานอ้อยได้ดังตารางที่ 2-6 และภาคผนวก 2ฉ "
สารเคมี,,"โครงการมีความต้องการใช้สารเคมีในระบบผลิตน้ําใส (Clear Water), ระบบผลิตน้ําบริสุทธิ์  (Demineral Water), หม้อไอน้ํา และการปรับคุณภาพน้ําเสียของโครงการ โดยรายละเอียดแสดงในตารางที่  2-7 โดยมีแหล่งที่มาของสารเคมีจากตัวแทนจําหน่ายภายในประเทศ สําหรับคุณสมบัติของสารเคมี มี รายละเอียดในเอกสารความปลอดภัยของเคมีภัณฑ์ (MSDS) ดังแสดงในภาคผนวก 2ช 
 สารเคมีที่นํามาใช้ในโครงการสามารถจําแนกได้เป็น 2 ประเภท คือ ประเภทที่ 1 ใส่ลงสู่ถังใช้งาน โดยตรง ส่วนที่ 2 จะบรรจุอยู่ในภาชนะบรรจุและเก็บไว้ในอาคารเก็บสารเคมี (รูปที่ 2-7) มีขนาดพื้นที่ เท่ากับ 36 ตารางเมตร ก่อนนําไปใช้งาน โดยสารเคมีทั้งสองประเภท จะขนส่งเข้าสู่โครงการด้วยรถบรรทุก ก่อนเก็บกักไว้ยังบริเวณที่กําหนดไว้ข้างต้น  
 การจัดการภาชนะบรรจุสารเคมีที่ใช้แล้ว ทางโครงการจะส่งภาชนะบรรจุสารเคมีที่ใช้แล้วกลับไปยัง บริษัทผู้ขายทั้งหมด เพื่อลดภาระการจัดการกากของเสียภายในพื้นที่โครงการ 
 สําหรับอาคารเก็บสารเคมีจะทําการจัดสร้างรางระบายน้ําโดยรอบ เพื่อรวบรวมน้ําฝนที่ตกจาก หลังคาของอาคารและมีมาตรการด้านความปลอดภัยในการกักเก็บ ดังนี้  
1. จัดหาข้อมูลความปลอดภัยของเคมีภัณฑ์ทุกชนิดที่มีการใช้งานมากํากับในพื้นที่จัดเก็บสารเคมี และมีแผ่นป้ายแจ้งรายละเอียดสารเคมี ติดไว้ที่ภาชนะบรรจุสารเคมีทุกชนิด  
2. แยกชนิดของสารเคมีที่มีปฏิกิริยาต่อกัน เช่น กรด – ด่าง หรือสารเคมีที่ไม่สามารถที่จะนํามา จัดเก็บไว้ใกล้กันได้ เช่น สารเคมีไวไฟ  
3. มีระบบระบายอากาศที่ดีเพื่อให้มีการไหลเวียนถ่ายเทของอากาศ โดยออกแบบตามข้อกําหนด ของกฎกระทรวงที่เกี่ยวข้องตามพระราชบัญญัติควบคุมอาคาร พ.ศ.2522  
4. จัดเตรียมพื้นที่รองรับสารเคมีต่างๆ ในกรณีที่มีการรั่วไหลเกิดขึ้นเพื่อป้องกันการรั่วไหลไปตาม พื้นอาคารหรือรางระบายน้ํา ซึ่งจะก่อให้เกิดความเสียหายต่อสิ่งแวดล้อม และยากต่อการจัดการแก้ไขได้  5. จัดเตรียมคันกั้นล้อมสารเคมีในกรณีที่มีการรั่วไหลเกิดขึ้น เพื่อจํากัดพื้นที่ในการปนเปื้อนของ สารเคมีทําให้สามารถจัดการสารเคมีที่รั่วไหลได้สะดวกและลดผลกระทบที่อาจจะเกิดขึ้นในวงกว้าง  6. จัดให้มีถังดับเพลิงเคมี เพื่อใช้ระงับเหตุเพลิงไหม้โดยมีจํานวนตามประกาศกระทรวง อุตสาหกรรม เรื่อง การป้องกันและระงับอัคคีภัยในโรงงาน พ.ศ.2552 "
กระบวนการผลิต และผลิตภัณฑ์  การลําเลียงเชื้อเพลิง  ,,โครงการโรงไฟฟ้าชีวมวล จากชานอ้อย ขนาด 60 เมกกะวัตต์ ใช้เชื้อเพลิงชานอ้อยจาก กระบวนการหีบอ้อย/กระบวนการผลิตน้ําตาลของโครงการอุตสาหกรรมน้ําตาล ซึ่งอยู่ติดกัน สําหรับรูปแบบ ระบบสายพานลําเลียงชานอ้อยจากโครงการอุตสาหกรรมน้ําตาล มายังหม้อไอน้ํา จะใช้ระบบสายพานลําเลียง จํานวน 1 ชุด (Bagasse Elevator Conveyor) มีความยาวประมาณ 370 เมตร กว้าง 1.2 เมตร สามารถ ลําเลียงชานอ้อยได้ 100 ตันต่อชั่วโมง (รูปที่ 2-8)  
กระบวนการผลิต และผลิตภัณฑ์  กระบวนการผลิตไฟฟ้า  ,,"บริษัท เกษตรไทยไบโอเพาเวอร์ จํากัด ใช้ระบบการผลิตไฟฟ้าประเภท Steam Turbine  Generator โดยใช้ชานอ้อยเป็นเชื้อเพลิงในการผลิตไอน้ํา ไอน้ําที่ผลิตได้จะนําไปใช้ในกระบวนการผลิต กระแสไฟฟ้า และกระบวนการผลิตน้ําตาลทราย ดังนี้  
- การผลิตกระแสไฟฟ้า (จะใช้ไอน้ําส่วนใหญ่ประมาณ 100%) มีเครื่องกําเนิดไฟฟ้ารวม ขนาด 60 เมกะวัตต์ แต่ผลิตไฟฟ้าตามความเหมาะสมของการใช้งานและขายให้กับบริษัทในเครือ ทั้ง 3  โรงงานและการไฟฟ้าฝ่ายผลิตแห่งประเทศไทย  
 - ใช้กับอุปกรณ์ต่างๆ ของหม้อไอน้ําเอง (Self Consume) อันประกอบด้วย ระบบพัดลม  หม้อไอน้ํา ระบบน้ําเข้าหม้อไอน้ํา รวมทั้งการ Soot Blow โดยโหลดเสริมนี้จะใช้ไอน้ําประมาณ 5 เมกกะ วัตต์  
 แสดงรายละเอียดการออกแบบหม้อไอน้ําดังรูปที่ 2-9 "
กระบวนการผลิต และผลิตภัณฑ์  กระบวนการผลิตไอน้ําและกระแสไฟฟ้า  ,,"กิจกรรมการดําเนินงานของโครงการ แบ่งการดําเนินงานออกเป็น 3 ช่วง คือ ช่วงฤดูเปิดหีบอ้อย (Crushing Season) ช่วงละลายน้ําตาล (Remelting Season) และช่วงฤดูซ่อมแซม (Off Season) โดย สมดุลมวลจะแสดงค่าต่างๆ ซึ่งประกอบด้วย ค่ามวล ความดัน อุณหภูมิ และค่าความร้อน (Enthalpy) ดัง รายละเอียดไว้ในรูปที่ 2-10 ถึงรูปที่ 2-11โดยมีรายละเอียดในแต่ละกระบวนการผลิตดังนี้  
(1) ฤดูหีบอ้อย และฤดูละลายน้ําตาล  
Extraction Condensing Steam Turbine ขนาด 60 เมกกะวัตต์ จํานวน 1 ชุด เป็นกังหันไอน้ําที่ สามารถดึงไอน้ําบางส่วนออกมาใช้งานในช่วงกลางของกังหัน และไอน้ําส่วนที่เหลือจะถูกปล่อยให้ขยายตัว ผ่านกังหันจนมีความดันต่ํากว่าบรรยากาศ จึงปล่อยออกจากกังหันไอน้ํา แล้วเข้ากลั่นตัวเป็นหยดน้ําในเครื่อง กลั่นตัวชนิดความดันต่ํากว่าบรรยากาศ (Vacuum Condenser) ไอน้ําที่ถูกดึงออกมาใช้งานสําหรับโครงการ จะมีอยู่ 3 ระดับ  
ระดับที่ 1 แรงดันที่ 31 บาร์ เมื่อผ่าน Pressure Reducing Valve (PRV) ลดลงเหลือ 24 บาร์ ที่ อุณหภูมิ 390 องศาเซลเซียส ในปริมาณ 15 ตัน/ชั่วโมง จะถูกส่งไปที่ชุดอุ่นน้ําป้อนก่อนเข้าหม้อไอน้ําชุดที่ 2  (High Pressure Heater II)  
ระดับที่ 2 ระดับแรงดัน 15 บาร์ เมื่อผ่าน Pressure Reducing Valve (PRV) ลดลงเหลือแรงดันที่  9 บาร์ ที่อุณหภูมิ 312 องศาเซลเซียส ในปริมาณ 25 ตัน/ชั่วโมง จะถูกส่งไปที่ชุดอุ่นน้ําป้อนก่อนเข้าหม้อไอ น้ําชุดที่ 1 (High Pressure Heater I)  
ระดับที่ 3 แรงดันที่ 2 บาร์ ที่อุณหภูมิ 148 องศาเซลเซียส ในปริมาณ 180 ตัน/ชั่วโมง จะถูกแบ่ง ออกเป็น 2 ส่วน คือ ส่วนที่ 1 จะถูกส่งไปยังเครื่องแปลงความดันไอน้ํา (Steam Transformer) ที่แรงดัน 2  บาร์ อุณหภูมิ 148 องศาเซลเซียส ในปริมาณ 160 ตัน/ชั่วโมง และส่วนที่ 2 จะถูกส่งไปยังอุปกรณ์ที่ใช้ดึง เอาก๊าซที่ละลายในน้ําป้อนเข้าหม้อไอน้ําออก (Deaerator) ที่แรงดัน 2 บาร์ อุณหภูมิ 148 องศาเซลเซียส  ในปริมาณ 20 ตัน/ชั่วโมง  
และส่วนของไอน้ําที่เหลือหลังผ่าน Stage จะถูกส่งเข้าระบบ Condenser ที่แรงดัน -0.91 บาร์  อุณหภูมิ 56 องศาเซลเซียส ปริมาณ 20 ตัน/ชั่วโมง โดยใช้ระบบหอหล่อเย็น (Cooling Tower) เพื่อระบาย ความร้อนให้กับระบบ Condenser  
ซึ่งไอน้ําทั้งหมดที่ถูกดึงออกจากกังหันไอน้ํา (Extraction Condensing Steam Turbine) ทั้ง 3  ระดับ รวมกับไอน้ําที่เหลือหลังผ่าน Stage ทั้งหมด และมีปริมาณรวม 240 ตัน/ชั่วโมง จะถูกแลกเปลี่ยน ความร้อนจนกลายเป็นน้ําหมุนเวียน ร่วมกับน้ําดิบที่ผ่านกระบวนการปรับปรุงคุณภาพน้ํา (Reverse  Osmosis) ปริมาณ 3 ตัน/ชั่วโมง เพื่อทดแทนปริมาณน้ําทิ้งจากหม้อไอน้ํา (Blowdown) ปริมาณ 3 ตันต่อ ชั่วโมง "
กระบวนการผลิต และผลิตภัณฑ์  กระบวนการผลิตไอน้ําและกระแสไฟฟ้า  ทางโครงการใช้ระบบผลิตไอน้ําแบบ Extracted Condensing Steam Turbine ทั้งหมด  3 ระดับ ดังนี้  ,,"ระดับที่ 1 แรงดันที่ 30 บาร์ เมื่อผ่าน Pressure Reducing Valve (PRV) ลดแรงดันลง เหลือ 24 บาร์ ที่อุณหภูมิ 391 องศาเซลเซียส ในปริมาณ 15 ตัน/ชั่วโมง จะถูกส่งไปที่ชุดอุ่นน้ําป้อนก่อนเข้า หม้อไอน้ําชุดที่ 2 (High Pressure Heater II)  
ระดับที่ 2 ระดับแรงดัน 15.3 บาร์ เมื่อผ่าน Pressure Reducing Valve (PRV) ลดลง เหลือแรงดันที่ 9 บาร์ ที่อุณหภูมิ 316 องศาเซลเซียส ในปริมาณ 10 ตัน/ชั่วโมง จะถูกส่งไปที่ชุดอุ่นน้ําป้อน ก่อนเข้าหม้อไอน้ําชุดที่ 1 (High Pressure Heater I)  
ระดับที่ 3 แรงดันที่ 2 บาร์ ที่อุณหภูมิ 150 องศาเซลเซียส ในปริมาณ 20 ตัน/ชั่วโมง จะ ถูกส่งไปยังอุปกรณ์ที่ใช้ดึงเอาก๊าซที่ละลายในน้ําป้อนเข้าหม้อไอน้ําออก (Deaerator)  
และส่วนของไอน้ําที่เหลือ หลังผ่าน Stage ทั้งหมดแล้ว จะถูกส่งเข้าระบบ Condenser ที่ แรงดัน -0.868 บาร์ อุณหภูมิ 51 องศาเซลเซียส ปริมาณ 184.4 ตัน/ชั่วโมง โดยใช้ระบบหอหล่อเย็น  (Cooling Tower) เพื่อระบายความร้อนให้กับระบบ Condenser  
ซึ่งไอน้ําทั้งหมดที่ถูกดึงออกจากกังหันไอน้ํา (Extraction Condensing Steam Turbine)  ทั้ง 3 ระดับ รวมกับไอน้ํา ที่เหลือหลังผ่าน Stage ทั้งหมดแล้ว มีปริมาณรวม 229.4 ตัน/ชั่วโมง จะถูก แลกเปลี่ยนความร้อน จนกลายเป็นน้ําหมุนเวียน ร่วมกับน้ําดิบที่ผ่านกระบวนการปรับปรุงคุณภาพน้ํา (Reverse  Osmosis) ปริมาณ 2.87 ตัน/ชั่วโมง เพื่อทดแทนปริมาณไอน้ําที่ผลิตได้จากหม้อไอน้ํา (Boiler) ปริมาณ 229.4  ตัน/ชั่วโมง สามารถผลิตกระแสไฟฟ้าได้ 60 เมกกะวัตต์ "
กระบวนการผลิต และผลิตภัณฑ์  รายละเอียดของโรงไฟฟ้าชีวมวล  กระบวนการหลัก  ,,"กระบวนการผลิตเริ่มจากการนําชานอ้อย โดยสายพานลําเลียงชานอ้อย เข้าสู่ห้องเผาไหม้ของ หม้อต้มไอน้ํา โดยในห้องเผาไหม้ชานอ้อยจะถูกเผาที่อุณหภูมิ 340-370 องศาเซลเซียส จากนั้นจึงนําก๊าซที่ ร้อนไปต้มน้ําในหม้อต้มไอน้ํา เพื่อให้ได้ไอน้ําที่อุณหภูมิ 520-540 องศาเซลเซียส จากนั้นก๊าซร้อนจะถูกส่ง เข้าไปสู่ระบบดักฝุ่นละออง โดยใช้ระบบกําจัดฝุ่นแบบ ESP ดึงเถ้าลงสู่รางเถ้าและบ่อเถ้า โดยใช้แรงดันของ น้ําก๊าซที่แยกฝุ่นละอองแล้วจะปล่อยออกสู่บรรยากาศต่อไป ไอน้ําร้อนที่ได้จะถูกส่งไปยังกังหันไอน้ําและ เครื่องกําเนิดไฟฟ้าเพื่อผลิตกระแสไฟฟ้า ทั้งนี้ไอน้ําที่ผ่านกระบวนการผลิตกระแสไฟฟ้าแล้วจะถูกทําการ ควบแน่นกลั่นตัวเป็นน้ําที่ Condenser เพื่อนําน้ํากลับมาใช้ในกระบวนการผลิตต่อไปส่วนน้ําที่ใช้หล่อเย็น  Condenser จะนํามาจากระบบน้ํา Cooling Tower  
2) หม้อไอน้ํา (Boiler)  
หม้อไอน้ําของโครงการ เป็นแบบ Travelling Grate Stoker ซึ่งควบคุมด้วยลมซึ่งชานอ้อยออก จาก Bagasses-feeder ชานอ้อยจะตกลงสู่ห้องเผาไหม้โดยมีพัดลมเป่า (Secondary Force Draft Fan) ให้ ชานอ้อยกระจายตัวก่อนตกลงสู่ตะกรับ เมื่อชานอ้อยตกลงสู่ตะกรับจะมีพัดลมเป่าใต้ตะกรับ (Primary  Force Draft Fan) ทําให้ชานอ้อยถูกเผาไหม้อย่างสมบูรณ์ และมีการทําความสะอาดเตาวันละ 2 ครั้ง โดย การทําความสะอาดเตา จะเริ่มจากการเป่าเขม่าเพื่อนําขี้เถ้าในส่วนต่างๆภายในห้องเผาไหม้ออก โดยการเปิด วาล์วไอน้ําด้านบนหม้อไอน้ํา ซึ่งจะตั้งไว้ไม่เกิน 10 กโลกรัมต่อลูกบาศก์เมตร กดสวิทซ์ การเป่าเขม่าจะเริ่ม ทํางาน ซึ่งเป็นการขับเคลื่อนด้วยมอเตอร์เปิดไอเป่าเขม่าในส่วนต่างๆที่ตกค้างอยู่ออกให้หมดและจะเปิด วาล์วไอน้ําที่แอร์ฮีตเตอร์เพื่อไล่เขม่า (ขี้เถ้า) ให้ตกลงสู่รางขี้เถ้า เมื่อเสร็จแล้วจะทําการปิดวาล์วทั้ง 2 จุด  การเป่าจะเป่าวันละ 2 ครั้ง คือกลางวัน 1 ครั้งและกลางคืน 1 ครั้ง (ทุกๆ 12 ชั่วโมง) เมื่อเป่าเขม่าเสร็จ โดย จะลําเลียงขี้เถ้าตกสู่ Conveyor หน้าเตาตลอดเวลา จะทําการล้างเตา หยุดเดินเครื่องป้อนชานอ้อย ทําการ โยกกระบอกลมเพื่อนําขี้เถ้าในห้องเผาไหม้ลงสู่รางสายพานใต้ห้องเผาไหม้ และกดสวิตซ์เพื่อเดินสายพาน ลําเลียงขี้เถ้าไปยังยุ้งโดยมีรถบรรทุกมารับต่อไป การล้างจะล้างสลับช่องกันไป ทั้งนี้จะทําการเอาเถ้าออกเพื่อ ไม่ให้ปิดบังทางลม โดยการยกดั้มตะกรับเพื่อให้เถ้าหนักตกลงสู่สายพานลําเลียงเถ้าโดยมีน้ําหล่อเย็นเพื่อลด ความร้อนและเป่าไม่ให้ฟุ้งกระจาย เถ้าส่วนนี้จะถูกส่งไปยังบ่อตกตะกอนน้ําขี้เถ้าที่มีอยู่ 2 บ่อ เพื่อตกตะกอน  
และเมื่อมีปริมาณน้ําเต็มบ่อแล้วจะสูบน้ําด้านบนไปใช้พรมขี้เถ้าต่อ ส่วนขี้เถ้าด้านล้างที่ตกตะกอนจะมีรถมา ตักขี้เถ้าออกไป ในส่วนของเถ้าอ่อนหรือฝุ่นขี้เถ้าจากการเผาไหม้จะถูกพัดลมดูด (Induced Draft Fan) ดูด ออกไปจากห้องเผาไหม้ก่อนจะลงปล่อง ซึ่งจะมีระบบดักฝุ่นแบบไฟฟ้าสถิต (ESP) หลังจากนั้น ฝุ่นส่วนนี้จะมี การทํายุ้งไว้เก็บและมีรถบรรทุกมารองรับ สําหรับขี้เถ้าที่เกิดขึ้นทั้งหมดจะถูกนําส่งให้เกษตรกรเพื่อไปใช้ ประโยชน์ต่อไป กรณีฉุกเฉินของโครงการหากเกิดขึ้นขณะเริ่มเดินระบบหม้อไอน้ํา (อุ่นหม้อไอน้ํา) หรือขณะ เดินระบบหม้อไอน้ําเพื่อผลิตกระแสไฟฟ้า ทางโครงการจะปิดเครื่องกําเนิดไฟฟ้าและนํากระแสไฟฟ้าจากการ ไฟฟ้าส่วนภูมิภาคมาใช้แทนและดับหม้อไอน้ําต่อไป  
ในส่วนของอากาศที่ช่วยในการเผาไหม้นั้น (Primary Air) จะได้มาจากพัดลม (Forced Draft  Fan) ซึ่งจะส่งเข้าทางด้านใต้ของตะกรับ ซึ่งนอกจากจะใช้ในการเผาไหม้แล้วยังเป็นการหล่อเย็นตะกรับเพื่อ"
กระบวนการผลิต และผลิตภัณฑ์  รายละเอียดของโรงไฟฟ้าชีวมวล  การเผาไหม้แบบ Spreader Stoker แบ่งออกได้เป็น 3 แบบ ดังนี้  ,,"(1) การเผาไหม้แบบลอยตัวสมบูรณ์ (Pure Suspension Firing) คือ การพ่นเชื้อเพลิง ขนาดเล็กที่มีขนาดเล็กกว่า 1.5 มิลลิเมตร ละมีความชื้นต่ํากว่า 10% เข้าไปในเตาเผาและมีการเผาไหม้กลาง อากาศระบบนี้เหมาะกับเชื้อเพลิง เช่น ขี้เลื่อยแห้ง  
(2) การเผาไหม้แบบกึ่งลอยตัว (Partial Suspension Firing) คือการพ่นเชื้อเพลิงที่มี ขนาดปานกลางประมาณ 25-50 มม. และมีความชื้นสูงปานกลาง 60% เข้าไปในเตาเผา เชื้อเพลิงบางส่วน จะเผาไหม้กลางอากาศ และเชื้อเพลิงที่เหลือจะเผาไหม้บนตะกรับ(Grate)ระบบนี้มีการใช้อย่างแพร่หลาย และเป็นระบบที่ใช้มากที่สุดสําหรับการเผามวลชีวภาพ สําหรับตะกรับแบบสั่นที่หล่อเย็นด้วยน้ํา(Water cooled Vibrating Grate) จะเหมาะสมกับเชื้อเพลิงที่มีความสูงและตะกรับเคลื่อนที่ได้(Traveling Grate) จะเหมาสมอย่างยิ่งกับเถ้าที่มีโอกาสหลอมละลายหรือจับตัวบนตะกรับ(Slagging) 
(3) การเผาไหม้แบบกองบนตะกรับ(Mass Burn)คือการนําเชื้อเพลิงที่มีขนาดใหญ่และมี ความชื้นสูงมากเข้าไปในเตาเผา เชื้อเพลิงทั้งหมดจะเผาไหม้บนตะกรับเหมาะสําหรับเชื้อเพลิงที่มีความสูง มาก เช่น ขยะ โดยตะกรับของระบบนี้จะเป็นแบบตะกรับแบบลูกสูบ (Positive-Displacement Grate)และ ตะกรับเอียง(Sloping or Inclined Grate)  "
กระบวนการผลิต และผลิตภัณฑ์  รายละเอียดของโรงไฟฟ้าชีวมวล  3) กังหันไอน้ําและเครื่องกําเนิดไฟฟ้า  ,,"กังหันไอน้ําและเครื่องกําเนิดไฟฟ้าจะประกอบด้วย Condensing Steam turbine , Generator  และ Exciter Reduction Gear วาล์วปิด และวาล์วควบคุมไอน้ํา Electro-Hydraulic Speed Control  และระบบควบคุมไอน้ํา ระบบควบคุมน้ํามันเชื้อเพลิง ระบบควบคุมน้ํามันหล่อลื่น และระบบป้องกันด้าน ความปลอดภัย  
ไอน้ําที่ผ่านเครื่องควบแน่น (Condenser) จะถูกกลั่นตัวเป็นน้ํานํากลับมาใช้ในกระบวนการอีกนั้น ได้มาจากไอน้ําที่ผ่านกังหันแล้ว จะมีความดันลดลงเหลือ 0.1 Bar โดยอุณหภูมิของน้ําที่ส่งไปหล่อเย็นใน เครื่องควบแน่นจะถูกควบแน่นให้ลดลงด้วยระบบการทํางานของหอหล่อเย็น(Cooling Tower)   "
กระบวนการผลิต และผลิตภัณฑ์  รายละเอียดของโรงไฟฟ้าชีวมวล  4) ระบบจัดเก็บเชื้อเพลิง  ,,ระบบจัดเก็บเชื้อเพลิงหลักของโครงการสามารถรับเชื้อเพลิง (ชานอ้อย) จากบริษัท เกษตรไทยอุตสากรรม น้ําตาล จํากัด เข้าสู่เตาหม้อไอน้ําได้โดยตรง จากระบบสายพานลําเลียง  
กระบวนการผลิต และผลิตภัณฑ์  รายละเอียดของโรงไฟฟ้าชีวมวล  ระบบเก็บและรวบรวมเถ้า  ,,"เถ้าที่เกิดขึ้นแยกเป็น 2 ประเภท คือ เถ้าขนาดเล็ก น้ําหนักเบาหรือเถ้าลอย(Fly Ash)และเถ้าขนาด ใหญ่หรือเถ้าหนัก (Bottom Ash) เถ้าขนาดเล็กได้จากขบวนการแยกฝุ่นออกจากก๊าซร้อนที่ได้จากการเผา ไหม้เชื้อเพลิงก่อนปล่อยออกสู่บรรยากาศ โดยใช้วิธีการดักฝุ่นหรือการแยกฝุ่นโดยใช้ระบบไฟฟ้าสถิต(ESP)  ส่วนเถ้าขนาดใหญ่ ที่เกิดขึ้นจะตกลงสู่อ่างน้ําเพื่อลดอุณหภูมิและการฟุ้งกระจายและถูกลําเลียงโดย  Bottom Ash Conveyor สู่บ่อตกตะกอนน้ําขี้เถ้า จํานวน 2 บ่อ ขนาด 1,600 ลูกบาศก์เมตร โดยเมื่อมี ปริมาณน้ําเต็มบ่อแล้ว จะสูบน้ําด้านบนวนกลับไปใช้พรมขี้เถ้าต่อไป ส่วนขี้เถ้าด้านล่างที่ตกตะกอนจะมีรถมา ตักขี้เถ้าออกไปซึ่งขี้เถ้าของโครงการทั้งหมดจะถูกส่งให้กับชาวไร่อ้อยและเกษตรกรเพื่อนําไปใช้เป็นสาร ปรับปรุงคุณภาพดินต่อไป  "
กระบวนการผลิต และผลิตภัณฑ์  รายละเอียดของโรงไฟฟ้าชีวมวล  ระบบหล่อเย็น  ,,"ระบบหล่อเย็นจะติดตั้งเพื่อช่วยลดอุณหภูมิของเครื่องควบแน่นไอน้ํา และอุปกรณ์ในการ แลกเปลี่ยนความร้อนอื่นๆ น้ําหล่อเย็นสําหรับเครื่องควบแน่นนี้จะถูกจ่ายโดยระบบน้ําหมุนเวียน สําหรับน้ํา ที่สูญเสียไปจากการระเหยที่หอหล่อเย็นนี้จะทดแทนโดยน้ําจากระบบน้ําดิบที่ผ่านการปรับสภาพน้ํา ระบบ หล่อเย็นของโครงการผลิตไฟฟ้าชีวมวลจากชานอ้อย เป็นการระบายความร้อนโดยหอระบายความร้อน  
 หลักการของระบบหล่อเย็น คือ ทําให้มีหยดน้ําขนาดเล็กกระจายตัวไปในบริเวณพื้นที่หอหล่อเย็น  ซึ่งจะทําให้อุณหภูมิและพลังงานของน้ําลดลง ทั้งนี้วิธีการใช้พัดลมในหอหล่อเย็นเพื่อดูดอากาศเข้าหาหยดน้ํา  ช่วยให้อากาศถ่ายเทและทําให้น้ําเย็นเร็วขึ้น  
ในการออกแบบนั้น Cooling Tower ได้ถูกกําหนดให้เพื่อทํางานภายใต้สภาพอุณหภูมิที่เลวร้าย ที่สุดได้ เพื่อให้สามารถทํางานรักษาอุณหภูมิน้ําทิ้งไม่ให้เกินค่ามาตรฐานน้ําทิ้งจากโรงงานอุตสาหกรรม  7) ระบบไฟฟ้าและระบบควบคุมอัตโนมัติ"
กระบวนการผลิต และผลิตภัณฑ์  รายละเอียดของโรงไฟฟ้าชีวมวล  ระบบไฟฟ้า  ,,กระแสไฟฟ้าที่โครงการผลิตได้จะเชื่อมต่อกับระบบโครงข่ายสายส่งไฟฟ้า 115 kV ของ การไฟฟ้าส่วนภูมิภาคที่ผ่านหน้าโรงงาน โดยใช้ไฟ 3 เฟสที่มีหม้อแปลงติดตั้งภายใน Sub-station ซึ่ง สามารถแปลงแรงดันไฟฟ้าขนาด 115/22/11 kV ทั้งนี้โครงการจะเชื่อมต่อกับสายส่งไฟฟ้าขนาด 115 kV ที่ อยู่ใกล้ที่สุด ระยะทางประมาณ 25 กิโลเมตร ในกรณีที่มีเหตุจําเป็น เช่น ทดสอบเดินเครื่องและช่วงระหว่าง การซ่อมบํารุง จําเป็นต้องขอใช้ไฟฟ้าจากการไฟฟ้าส่วนภูมิภาค  
กระบวนการผลิต และผลิตภัณฑ์  รายละเอียดของโรงไฟฟ้าชีวมวล  ระบบควบคุมอัตโนมัติ  ,,ระบบควบคุมอัตโนมัตินี้จะถูกนํามาใช้เพื่อให้เกิดความมั่นคงของระบบ รวมถึงช่วยให้เกิด การประหยัดด้านกําลังคนในโครงการ ที่สําคัญอีกประการหนึ่ง คือ การผลิตพลังงานไฟฟ้าอย่างสม่ําเสมอให้  กฟผ. ภายใต้สัญญาซื้อขายไฟฟ้า ระบบควบคุมส่วนใหญ่จะควบคุมโดยตรงจากห้องควบคุมผ่านโทรทัศน์วงจรปิด ระบบ ควบคุมนี้จะใช้คอมพิวเตอร์แบบ DCS (Distributed Control Sytem)ในการควบคุม และตรวจสอบการ ทํางานของระบบและอุปกรณ์หลักของโรงไฟฟ้าทั้งหมดได้อย่างต่อเนื่องตลอดเวลา   แสดงแผนผังการจ่ายไฟ ดังรูปที่ 2-12
กระบวนการผลิต และผลิตภัณฑ์  รายละเอียดของโรงไฟฟ้าชีวมวล  8) ระบบระบายน้ํา  ,,"ระบบระบายน้ําภายในโครงการถูกแยกเป็น 2 ระบบได้แก่  
(1) รางระบายน้ําฝน น้ําฝนบริเวณพื้นที่โรงไฟฟ้า เช่น อาคาร Turbine, Boiler, Cooling  Tower, และ Office เป็นต้น จะถูกรวบรวม โดยรางระบายน้ําและไหลลงสู่บ่อน้ําดิบของโรงงานน้ําตาลเพื่อ กักเก็บไว้ใช้เป็นน้ําดิบต่อไป  
(2) รางระบายน้ําเสีย น้ําเสียจากการ Blow down น้ําจาก Boiler, น้ํา drain ตะกอน จาก Cooling Tower และน้ําเสียที่เกิดจากพนักงานจะถูกรวบรวมโดยรางระบายน้ําเสียและไหลลงสู่บ่อ บําบัดน้ําเสียของโครงการ "
กระบวนการผลิต และผลิตภัณฑ์  ผลิตภัณฑ์  ,,"มีกําลังการผลิตกระแสไฟฟ้าขนาด 60 เมกกะวัตต์ โดย Turbine Generator ขนาด 60 เมกกะ วัตต์ 1 ชุด ที่ระดับแรงดัน 11 KV จําหน่ายไฟฟ้าให้การไฟฟ้าฝ่ายผลิตแห่งประเทศไทยโดยเชื่อมโยงผ่าน ระบบสายส่ง 115 KV ของการไฟฟ้าส่วนภูมิภาค ซึ่งจ่ายผ่านหม้อแปลงแรงดัน (Power Transformer)  ขนาด 75 MVA 115/22/11 KV  
 สําหรับ Turbine Generator ขนาด 60 เมกกะวัตต์ เป็นแบบ Extraction & Condensing  Turbine คือสามารถทํางานได้ 2 แบบ เพื่อให้ได้ประสิทธิภาพในเชิงความร้อนมากที่สุด โดยแบ่งลักษณะการ ทํางานตามช่วงฤดูการผลิตเป็น 2 ช่วง คือ ฤดูการผลิตน้ําตาลและฤดูซ่อมแซมของโรงงานน้ําตาล ซึ่งมี รายละเอียด ดังนี้  
 1) ฤดูการผลิตน้ําตาล แบ่งเป็น 2 ช่วง คือ  
 (1) ฤดูหีบอ้อย Turbine Generator ทํางานแบบ Extraction ผลิตไฟฟ้าได้ 42.5 เมกกะ วัตต์ และมี Extraction Steam 2 kg/cm2 จ่ายให้กับโรงงานน้ําตาล เพื่อใช้ในกระบวนการผลิตน้ําตาล  สําหรับไฟฟ้า 42.5 เมกกะวัตต์ จะจําหน่ายให้โรงงานในกลุ่มก่อน โดยแบ่งเป็น KTIS 5 เมกกะวัตต์, EPPCO  2.5 เมกกะวัตต์, EPC 1.5 เมกกะวัตต์ และใช้เองในโรงงาน 5 เมกกะวัตต์ ส่วนที่เหลือจึงจําหน่ายให้ EGAT  28.5 เมกกะวัตต์  
 (2) ฤดูละลายน้ําตาล Turbine Generator ทํางานแบบ Extraction ผลิตไฟฟ้าได้ 42.5  เมกกะวัตต์ และมี Extraction Steam 2 kg/cm2 จ่ายให้กับโรงงานน้ําตาลเหมือนฤดูหีบอ้อยแต่ไฟฟ้า 42.5  เมกกะวัตต์ จะจําหน่ายให้ KTIS 10 เมกกะวัตต์, EPPCO 2.5 เมกกะวัตต์, EPC 1.5 เมกกะวัตต์ และใช้เอง ในโรงงาน 5 เมกกะวัตต์ จึงมีส่วนที่เหลือจําหน่ายให้ EGAT 23.5 เมกกะวัตต์  
 2). ฤดูซ่อมแซมของโรงงานน้ําตาล Turbine Generator ทํางานแบบ Condensing ผลิตไฟฟ้าได้  60 เมกกะวัตต์ และมี Extraction Steam 0.1 kg/cm2 ไปผ่านระบบ Condenser และกลายเป็นน้ํา  Condensate กลับไปเป็นน้ําป้อน Boiler ส่วนไฟฟ้า 60 เมกกะวัตต์ จะจําหน่ายให้ KTIS 1.5 เมกกะวัตต์,  EPPCO 2.5 เมกกะวัตต์, EPC 1.5 เมกกะวัตต์ และใช้เองในโรงงาน 5 เมกกะวัตต์ ดังนั้นในช่วงนี้จะมี ปริมาณไฟฟ้าเหลือจ่ายให้ EGAT มากที่สุด 49.5 เมกกะวัตต์ "
กระบวนการผลิต และผลิตภัณฑ์  พื้นที่ลานกองชานอ้อยและมาตรการจัดการด้านสิ่งแวดล้อม  ,,"โครงการจะใช้ชานอ้อยซึ่งทางบริษัท เกษตรไทยอุตสาหกรรมน้ําตาล จํากัด เป็นผู้จัดส่งให้ผ่าน ระบบสายพานลําเลียงแบบปิดมาจากลานกองเก็บชานอ้อย (ดังรูปที่ 2-13) ซึ่งอยู่ในพื้นที่ของบริษัท เกษตร ไทยอุตสาหกรรมน้ําตาล จํากัด ดังนั้น ผู้ดูแลรับผิดชอบการจัดการลานกองเก็บชานอ้อยจึงเป็นหน้าที่ของ บริษัท เกษตรไทยอุตสาหกรรมน้ําตาล จํากัด  
ลานกองเก็บชานอ้อยของบริษัท เกษตรไทยอุตสาหกรรมน้ําตาล จํากัด เป็นลานคอนกรีตเปิดโล่ง มี การกองเก็บชานอ้อยทั้งหมด 4 กอง ลักษณะการกองเป็นทรงสี่เหลี่ยมคางหมู (ดังรูปที่ 2-14) มีความลาด ชันด้านข้างเท่ากับ 60 องศา และแต่ละกองกําหนดให้มีความสูงไม่เกิน 20 เมตร "
กระบวนการผลิต และผลิตภัณฑ์  พื้นที่ลานกองชานอ้อยและมาตรการจัดการด้านสิ่งแวดล้อม  พื้นที่การกองเก็บทั้งหมด มีดังนี้  ,,"พื้นที่การกองเก็บทั้งหมด มีดังนี้  
- กองที่ 1 มีพื้นที่ เท่ากับ 41,952 ตารางเมตร  
- กองที่ 2 มีพื้นที่ เท่ากับ 17,520 ตารางเมตร  
- กองที่ 3 มีพื้นที่ เท่ากับ 14,500 ตารางเมตร  
- กองที่ 4 มีพื้นที่ เท่ากับ 8,989 ตารางเมตร  
ดังนั้น พื้นที่ของลานกองเก็บชานอ้อยรวมทั้งหมด = 41,952 + 17,520 + 14,500 + 8,989 ตารางเมตร  = 82,961 ตารางเมตร  
 = 51.85 ไร่  และมีพื้นที่ของลานกองเก็บชานอ้อยส่วนที่เป็นอาคารซึ่งอยู่ในพื้นที่ของลานกองเก็บชานอ้อยกองที่ 1  (ดังรูปที่ 2-13) เท่ากับ 2.03 ไร่  
ปริมาณชานอ้อยที่สามารถเก็บกองได้ มีดังนี้  
- กองที่ 1 มีปริมาตรในการเก็บกอง เท่ากับ 743,544.58 ลูกบาศก์เมตร  
- กองที่ 2 มีปริมาตรในการเก็บกอง เท่ากับ 276,557.27 ลูกบาศก์เมตร  
- กองที่ 3 มีปริมาตรในการเก็บกอง เท่ากับ 236,885.20 ลูกบาศก์เมตร  
- กองที่ 4 มีปริมาตรในการเก็บกอง เท่ากับ 139,410.47 ลูกบาศก์เมตร  
ดังนั้น ปริมาตรในการเก็บกองรวมทั้ง 4 กอง = 743,544.58 + 276,557.27 + 236,885.20 + 139,410.47   = 1,396,397.52 ลูกบาศก์เมตร  
เมื่อ Bulk Density ของชานอ้อย = 120 กิโลกรัม/ลูกบาศก์เมตร  
(ที่มา : องค์ประกอบของชีวมวลที่มีผลต่อการผลิตไฟฟ้า, มูลนิธิพลังงานเพื่อสิ่งแวดล้อม)  ดังนั้น จะสามารถกองเก็บชานอ้อยได้ = 1,396,397.52 ลูกบาศก์เมตร x 120 กิโลกรัม/ลูกบาศก์เมตร x 10-3 = 167,567.70 ตัน  
แต่ในสภาพความเป็นจริงทางบริษัท เกษตรไทยอุตสาหกรรมน้ําตาล จํากัด ได้มีการดําเนินการพรม น้ําและใช้รถแทรคเตอร์บดอัดชานอ้อย ทําให้ประมาณการได้ว่าสามารถเพิ่ม Bulk Density ได้ เท่ากับ 200  กิโลกรัม/ลูกบาศก์เมตร  
ดังนั้น จะสามารถกองเก็บชานอ้อยได้ = 1,396,397.52 ลูกบาศก์เมตร x 200 กิโลกรัม/ลูกบาศก์เมตร x 10-3 = 279,279.50 ตัน  
 เมื่อสิ้นสุดฤดูหีบอ้อยแล้วจะมีปริมาณชานอ้อยเหลือกองเก็บบริเวณลานกองเก็บชานอ้อยเท่ากับ  225,000 ตัน จะเห็นได้ว่าลานกองเก็บชานอ้อยที่ทางบริษัท เกษตรไทยอุตสาหกรรมน้ําตาล จํากัด เตรียมไว้  สามารถรองรับชานอ้อยที่เหลือได้อย่างเพียงพอ 
สําหรับมาตรการจัดการด้านสิ่งแวดล้อมบริเวณพื้นที่ลานกองเก็บชานอ้อยของบริษัท เกษตรไทย อุตสาหกรรมน้ําตาล จํากัด ได้มีการกําหนดมาตรการป้องกันฯ โดยพิจารณาทิศทางลมหลักในบริเวณพื้นที่ ลานกองเก็บชานอ้อยและพื้นที่อ่อนไหวที่อยู่ใกล้เคียงมีรายละเอียดดังนี้  
ทิศทางลมที่สําคัญคือ ลมที่พัดมาจากทางทิศใต้ในช่วงเดือนกุมภาพันธ์ถึงเดือนพฤษภาคมและเดือน กันยายน ส่วนในช่วงเดือนมิถุนายนถึงเดือนสิงหาคมลมจะพัดมาจากทางทิศใต้และตะวันตกเฉียงใต้ ส่วน เดือนตุลาคมถึงเดือนธันวาคม ลมจะพัดมาจากทางทิศตะวันออกเฉียงเหนือ เดือนมกราคมลมจะพัดมาจาก ทางทิศตะวันออกและตะวันออกเฉียงเหนือ ความเร็วลมเฉลี่ยในแต่ละเดือนมีค่าอยู่ในช่วง 1.2-4.5 นอต และ ความเร็วลมสูงสุดมีค่าเท่ากับ 50 นอต ซึ่งตรวจวัดได้ในเดือนเมษายน (ที่มา: ข้อมูลจากสถิติภูมิอากาศใน คาบ 30 ปี (พ.ศ.2523-2552) ของสถานีตรวจวัดอากาศ จ.นครสวรรค์)  
จากข้อมูลจะเห็นได้ว่าลมจะพัดมา 2 ทิศทางซึ่งตรงกันข้าม ดังนั้น การจะจัดให้มีมาตรการการ ป้องกันใดๆ แค่เพียง 2 ทิศทางเท่านั้น จึงไม่เพียงพอ อันเนื่องมาจากทิศทางลมอาจมีการผันแปรได้ตาม สภาพอากาศที่แปรปรวนได้ ดังนั้นทางบริษัท เกษตรไทยอุตสาหกรรมน้ําตาล จํากัด จึงจัดให้มีมาตรการ ป้องกันอย่างครอบคลุมในทุกทิศทาง โดยรอบลานกองเก็บชานอ้อย ซึ่งสามารถป้องกันการฟุ้งกระจายได้"
กระบวนการผลิต และผลิตภัณฑ์  พื้นที่ลานกองชานอ้อยและมาตรการจัดการด้านสิ่งแวดล้อม  มาตรการป้องกันการฟุ้งกระจายของฝุ่น ละอองจากพื้นที่ลานกองเก็บชานอ้อย มีดังนี้,,"มาตรการป้องกันการฟุ้งกระจายของฝุ่น ละอองจากพื้นที่ลานกองเก็บชานอ้อย มีดังนี้  
1. การลําเลียงเชื้อเพลิงชานอ้อยด้วยระบบสายพานลําเลียงแบบปิด ป้องกันการฟุ้งกระจายระหว่าง การลําเลียงมายังลานกองเก็บชานอ้อย (ดังรูปที่ 2-15)  
2. บริเวณปลายสายพานลําเลียง ณ จุดโปรยชานอ้อยลงสู่ลานกองเก็บชานอ้อย จัดให้มีการติดตั้งที่ ครอบกันการฟุ้งกระจาย (ดังรูปที่ 2-16) ซึ่งสามารถปรับระดับความยาวตามความสูงของกองชานอ้อย โดย การใช้งาน ให้เลื่อนให้มีระยะที่เหมาะสมกับกองชานอ้อยเพื่อลดการฟุ้งกระจายของฝุ่นชานอ้อยขณะปล่อย ตกลงบนลานกองเก็บชานอ้อยให้น้อย  
3. บริเวณปลายสายพานลําเลียง มีการฉีดพ่นน้ําชานอ้อยในจุดโปรยกอง ทําให้น้ําช่วยจับฝุ่นชาน อ้อยให้ตกลงได้เร็วขึ้น (ดังรูปที่ 2-16) 4. มีโครงอาคารคลุมชานอ้อยบริเวณส่วนต่อจากเตาหม้อไอน้ําของบริษัท เกษตรไทยอุตสาหกรรม น้ําตาล จํากัด และมีการติดตั้งตาข่ายรอบโครงอาคาร สามารถช่วยลดความแรงของลม ทําให้ลดการฟุ้ง กระจายได้อีกทางหนึ่ง (ดังรูปที่ 2-17) 
5. บริเวณรอบกองชานอ้อยทั้งหมด จัดให้มีระบบหัวพ่นน้ํา (Sprinkler) ฉีดพรมกองชานอ้อย วันละ  2 ครั้ง ซึ่งจํานวนครั้งสามารถปรับเพิ่มขึ้นหรือลดลงได้ตามสถานการณ์ความเป็นจริง เช่น ในช่วงฤดูหนาว และร้อน ที่อากาศแห้ง หรือในช่วงที่มีลมแรง ทําให้สามารถลดปริมาณการฟุ้งกระจายและป้องกันการลุกติด ไฟได้เองเนื่องจากอากาศร้อน (ดังรูปที่ 2-18)  
6. จัดให้มีรางระบายน้ําล้อมรอบลานกองเก็บชานอ้อยเพื่อรองรับน้ําชะกองชานอ้อย ซึ่งมีปริมาณ ไม่มาก โดยส่วนใหญ่จะอยู่ด้านบนของกองชานอ้อยหนาเพียง 10 เซนติเมตร และจะระเหยไปเองตาม ธรรมชาติ แต่หากมีปริมาณมากหรือเกิดฝนตก น้ําจากลานกองเก็บชานอ้อยจะถูกรวบรวมจากรางระบายน้ํา เข้าสู่ระบบบําบัดน้ําเสียของบริษัท เกษตรไทยอุตสาหกรรมน้ําตาล จํากัด ต่อไป  
7. ใช้รถแทรกเตอร์บดอัดชานอ้อยให้แน่นขึ้น ทําให้ลดการฟุ้งกระจายให้น้อยลง ช่วยเพิ่มปริมาณใน การกองเก็บได้อีก และไม่ทําให้เกิดปัญหากองชานอ้อยล้มพังลงมาก่อให้เกิดอันตรายต่อพนักงานได้ (ดังรูปที่  2-19)  
8. จัดให้มีการติดตั้งตาข่ายชะลอลมและดักฝุ่น รอบบริเวณลานกองเก็บชานอ้อยสูง 22 เมตร และ ปลูกต้นสนรอบบริเวณลานกองเก็บชานอ้อยอีกชั้นหนึ่ง โดยทําการปลูกแบบสลับฟันปลา 3 แถว เพื่อชะลอ ความเร็วลมที่พัดผ่านกองชานอ้อย รวมทั้งเป็นการสร้างภูมิทัศน์ที่สวยงาม โดยปัจจุบันได้มีการปลูกต้นสน บริเวณลานกองเก็บชานอ้อยของบริษัท เกษตรไทยอุตสาหกรรมน้ําตาล จํากัด อยู่แล้ว แต่ทั้งนี้ทางบริษัท  เกษตรไทยอุตสาหกรรมน้ําตาล จํากัด จะดําเนินการปลูกต้นสนรอบลานกองเก็บชานอ้อยเพิ่มอีก 1 แถว ให้ ครบตามจํานวนต่อไป (ดังรูปที่ 2-20) "
กระบวนการผลิต และผลิตภัณฑ์  การนําเถ้าไปปรับปรุงคุณภาพดินเพื่อการเกษตร และการจัดการเถ้า  ,,"บริษัท เกษตรไทยไบโอเพาเวอร์ จํากัด จะเป็นผู้จัดการเถ้าจากโรงไฟฟ้าชีวมวล 60 เมกกะวัตต์ เอง  โดยมีแผนที่จะนําเถ้าจากชานอ้อยไปใช้ปรับปรุงคุณภาพดิน โดยจะแจกจ่ายให้เกษตรกรผู้ปลูกอ้อยของ โครงการอุตสาหกรรมน้ําตาล หรือหน่วยงานต่างๆ ที่ขอการสนับสนุน จึงได้นําผลการวิเคราะห์ (ภาคผนวก 2ง)  เถ้ามาเปรียบเทียบกับค่ามาตรฐานปุ๋ยอินทรีย์ พ.ศ.2548 ตามประกาศกรมวิชาการเกษตร (ตารางที่ 2-7)  พบว่าปริมาณธาตุอาหารประเภทไนโตรเจน ฟอสฟอรัสและโพแทสเซียมในเถ้ามีค่าต่ํากว่าค่ามาตรฐาน ส่วน 
ปริมาณโลหะหนักประเภทสารหนู (Arsenic) แคดเมียม (Cadmium) โครเมียม (Chromium) ทองแดง  (Copper) ตะกั่ว (Lead) และปรอท (Mercury) ในเถ้าตามมาตรฐาน พบว่าค่าที่ได้ต่ํากว่าค่ามาตรฐานที่ กําหนดไว้ทุกค่า ดังนั้น หากต้องการนําเถ้าไปใช้เป็นปุ๋ยอินทรีย์ตามมาตรฐานของกรมวิชาการเกษตร พ.ศ. 2548 จําเป็นต้องเพิ่มธาตุอาหารประเภทไนโตรเจน ฟอสฟอรัส และโพแทสเซียมให้สูงขึ้นก่อน จึงจะสามารถ ใช้เป็นปุ๋ยอินทรีย์ตามมาตรฐานดังกล่าวได้ นอกจากนี้หากจะนําเถ้าไปใช้เป็นวัสดุปรับปรุงดินก็สามารถทําได้  เนื่องจากในเถ้ามีโลหะหนักต่ํากว่าค่ามาตรฐานที่กําหนด อันจะส่งผลให้เกษตรกรลดค่าใช้จ่ายในการซื้อ ปุ๋ยเคมีประเภทนี้มาใช้ และเป็นการลดการนําเข้าปุ๋ยเคมีจากต่างประเทศอีกด้วย  "
กระบวนการผลิต และผลิตภัณฑ์  การนําเถ้าไปปรับปรุงคุณภาพดินเพื่อการเกษตร และการจัดการเถ้า  การจัดการเถ้า  ,,"การขนส่งลําเลียงเถ้าตั้งแต่จุดที่ออกจากห้องเผาไหม้และ Electrostatic Precipitator (ESP) ไปยัง จุดสุดท้ายจะใช้ระบบสายพานลําเลียงแบบปิดทั้งหมด โดยเถ้าที่ออกจากทางด้านหน้าห้องเผาไหม้จะตกลง ในรางน้ําที่รองรับไว้กลายเป็นเถ้าเปียก ในส่วนของเถ้าที่ออกจากบริเวณใต้ Drum, ใต้ห้อง Air heater, และ  ESP จะเป็นเถ้าแห้งซึ่งถูก Spray น้ําแล้ว จากนั้นจะถูกลําเลียงมาตามสายพานลําเลียง และผสมกับเถ้าเปียก  จากนั้นเถ้าทั้งหมดจะถูกขนส่งไปยังยุ้งโดยระบบสายพานลําเลียงแบบปิด ทั้งนี้ การฉีดพ่นน้ํา, และนํามาผสม กับเถ้าเปียก รวมถึงการลําเลียงด้วยระบบสายพานลําเลียงแบบปิด จะทําให้การฟุ้งกระจายของเถ้าเกิดขึ้นได้ น้อยมาก หรือไม่เกิดขึ้นเลย หลังจากนั้นจะมีรถบรรทุกของชาวไร่มารองรับออกไป โดยยุ้งรองรับมีขนาด ความจุ 60 ลูกบาศก์เมตร สามารถรองรับปริมาณขี้เถ้าได้ประมาณ 1-2 วัน หากไม่มีรถมารับซึ่งเป็น ระยะเวลาที่เพียงพอในการประสานงานกับบริษัท เกษตรไทยอุตสาหกรรมน้ําตาล จํากัด หรือชาวไร่ ในการ จัดหารถมารองรับได้ทัน สําหรับรถขนขี้เถ้า ทางโครงการจะกําหนดให้มีการคลุมผ้าใบก่อนออกนอกบริเวณ โครงการทุกคัน เพื่อป้องกันฝุ่นฟุ้งกระจายในขณะขนส่งออกนอกพื้นที่โครงการ  "
กระบวนการผลิต และผลิตภัณฑ์  การนําเถ้าไปปรับปรุงคุณภาพดินเพื่อการเกษตร และการจัดการเถ้า  ในกรณีที่ไม่มีรถจากชาวไร่มารับ ,,"ในกรณีที่ไม่มีรถจากชาวไร่มารับ จะมีรถบรรทุกของโครงการมารองรับและขนส่งไปยังบ่อขี้เถ้าที่ ทางโครงการเตรียมไว้ (ดังรูปที่ 2-21) ซึ่งรถบรรทุกจะต้องมีกระบะสี่เหลี่ยมเพื่อป้องกันการตกหล่นบนพื้น ถนนและกําหนดให้มีการคลุมผ้าใบในระหว่างการขนส่งจากยุ้งไปยังบ่อ และจํากัดความเร็วของรถบรรทุกไม่ เกิน 30 กิโลเมตร/ชั่วโมง. ลักษณะบ่อเป็นบ่อคอนกรีต เพื่อป้องกันการปนเปื้อนของเถ้าลงสู่ดิน รวมถึง ป้องกันน้ําชะเถ้าปนเปื้อนไปกับน้ําใต้ดิน มีขนาด 20 เมตร X 20 เมตร x 4 เมตร จํานวน 2 บ่อ ดังนั้น จะมี 
ความจุรวมเท่ากับ 3,200 ลูกบาศก์เมตร สามารถเก็บขี้เถ้าได้ 1,920 ตัน และสามารถเก็บขี้เถ้าไว้ได้ทั้งหมด  52 วัน โดยการใช้งานจะสลับกันใช้ทีละบ่อ เมื่อบ่อหนึ่งเต็มจะประสานให้ชาวไร่มาขนออกไปทําเป็นสาร ปรับปรุงคุณภาพดิน และใช้อีกบ่อหนึ่งแทน "
กระบวนการผลิต และผลิตภัณฑ์  การนําเถ้าไปปรับปรุงคุณภาพดินเพื่อการเกษตร และการจัดการเถ้า  บ่อเก็บขี้เถ้าของโครงการ ,,"บ่อเก็บขี้เถ้าของโครงการ (ดังรูปที่ 2-21) ได้เตรียมไว้ใช้ในกรณีที่ไม่มีรถจากชาวไร่มารับขี้เถ้าไปใช้ เป็นสารปรับปรุงคุณภาพดิน โดยเตรียมบ่อเก็บขี้เถ้าไว้รองรับการขนเถ้าจากรถบรรทุกของโครงการ ซึ่ง รถบรรทุกจะต้องมีกระบะสี่เหลี่ยมเพื่อป้องกันการตกหล่นบนพื้นถนน และกําหนดให้คลุมผ้าใบในระหว่าง การขนส่งจากยุ้งไปยังบ่อ และจํากัดความเร็วของรถบรรทุกให้ไม่เกิน 30 กิโลเมตร/ชั่วโมง ลักษณะของบ่อ เป็นบ่อคอนกรีต ทั้งนี้เพื่อป้องกันการปนเปื้อนของเถ้าลงสู่ดิน รวมถึงป้องกันน้ําชะเถ้าที่อาจปนเปื้อนไปกับ น้ําใต้ดินได้ โดยบ่อมีขนาด 20 เมตร X 20 เมตร x 4 เมตร จํานวน 2 บ่อ การประเมินความเพียงพอของบ่อ เก็บขี้เถ้า สามารถคํานวณได้ ดังนี้  
ปริมาณเถ้าหนักที่เกิดขึ้นของโครงการ = 0.153 ตัน/ชั่วโมง  ปริมาณเถ้าเบาที่เกิดขึ้นของโครงการ = 1.377 ตัน/ชั่วโมง  
ดังนั้น ปริมาณขี้เถ้าที่เกิดขึ้นของโครงการ = 1.53 ตัน/ชั่วโมง  
 = 1.53 x 24  
 = 36.72 ตัน/วัน  เมื่อ ความหนาแน่นของเถ้า = 0.6 ตัน/ลูกบาศก์เมตร  
(ที่มา : รายงานการวิเคราะห์ผลกระทบสิ่งแวดล้อมของบริษัท น้ําตาลไทยเอกลักษณ์ จํากัด)  
ดังนั้น บ่อเก็บขี้เถ้า 1 บ่อ : สามารถเก็บขี้เถ้าได้ = (20 เมตร x 20 เมตร x 4 เมตร) x 0.6 ตัน/ลูกบาศก์เมตร   = 960 ตัน  
 สามารถรองรับขี้เถ้าได้ = 960 ตัน / 36.72 ตัน/วัน   = 26 วัน  
ดังนั้นโครงการจะมีบ่อขี้เถ้าที่มีความจุรวมเท่ากับ 3,200 ลูกบาศก์เมตร สามารถเก็บขี้เถ้าได้ 1,920  ตัน และสามารถเก็บขี้เถ้าไว้ได้ทั้งหมด 52 วัน โดยการใช้งานจะสลับกันใช้ทีละบ่อ เมื่อบ่อหนึ่งเต็มจะ ประสานให้ชาวไร่มาขนออกไปทําเป็นสารปรับปรุงคุณภาพดิน และใช้อีกบ่อหนึ่งแทน  "
กระบวนการผลิต และผลิตภัณฑ์  การนําเถ้าไปปรับปรุงคุณภาพดินเพื่อการเกษตร และการจัดการเถ้า  มาตรการในการป้องกันฝุ่นขี้เถ้าฟุ้งกระจายบริเวณบ่อเก็บขี้เถ้า มีดังนี้  ,,"มาตรการในการป้องกันฝุ่นขี้เถ้าฟุ้งกระจายบริเวณบ่อเก็บขี้เถ้า มีดังนี้  
1. กําหนดให้มีการพรมน้ําวันละ 2 ครั้ง เช้า-เย็น โดยความถี่อาจปรับเพิ่มขึ้นหรือลดลงตาม สถานการณ์ เพื่อการป้องกันการฟุ้งกระจายของฝุ่นเถ้าบริเวณบ่อ ให้เกิดประสิทธิภาพสูงสุด โดยน้ําที่นํามา พรมจะเป็นน้ําหมุนเวียนบําบัด จากระบบบําบัดน้ําเสียของโครงการ เป็นการใช้ทรัพยากรน้ําอย่างคุ้มค่ามาก ที่สุด  
2. ปลูกต้นไม้ทรงสูงโตเร็ว เช่น ต้นสน และใช้ไม้ขนาดกลางหรือไม้ขนาดใหญ่ในการปลูก โดยเริ่ม ดําเนินการปลูกตั้งแต่ในระยะก่อสร้าง เพื่อให้สามารถดําเนินการป้องกันฝุ่นได้ในระยะเวลาอันรวดเร็ว ซึ่งจะ ทําการปลูกโดยวิธีการปลูกต้นไม้เป็นแถวสลับฟันปลา 3 แถว โดยรอบบริเวณบ่อเก็บขี้เถ้า ทั้ง 2 บ่อ ในช่วง ระยะเวลาการเดินเครื่องจักร 2 ปีแรก ขณะที่ต้นไม้ยังไม่โตพอที่จะสามารถป้องกันฝุ่นได้ จะมีการนําตาข่าย ชะลอลมและดักฝุ่นมากั้นชั่วคราว เพื่อป้องกันไม่ให้ฝุ่นฟุ้งกระจาย"
กระบวนการผลิต และผลิตภัณฑ์  การนําเถ้าไปปรับปรุงคุณภาพดินเพื่อการเกษตร และการจัดการเถ้า  มาตรการป้องกันและการจัดการการปนเปื้อนเถ้าและน้ําชะลานกองเถ้าสู่สิ่งแวดล้อมบริเวณบ่อ เก็บขี้เถ้า  ,,"มาตรการป้องกันและการจัดการการปนเปื้อนเถ้าและน้ําชะลานกองเถ้าสู่สิ่งแวดล้อมบริเวณบ่อ เก็บขี้เถ้า  
1. ทางโครงการใช้บ่อขี้เถ้าที่เป็นบ่อคอนกรีต สามารถป้องกันการปนเปื้อนของเถ้าลงสู่ดินและ ป้องกันน้ําชะเถ้าซึมไปปนเปื้อนกับน้ําผิวดินและน้ําใต้ดินได้  
2. บริเวณขอบบ่อ (ระดับพื้นดิน) มีการสร้างคันคอนกรีตสูงขึ้นมา 3 เมตร สามารถป้องกันน้ําฝน หลากลงสู่บ่อเก็บขี้เถ้าได้ และยังป้องกันน้ําชะเถ้าล้นออกนอกบ่อได้อีก  
3. ในกรณีที่น้ําชะเถ้ามีปริมาณมากหรือมีฝนตกลงในบ่อโดยตรงทําให้มีน้ําเพิ่มขึ้น จะทําการสูบน้ํา จากบ่อขี้เถ้าแล้วหมุนเวียนกลับไปเป็นน้ําพรมขี้เถ้าในโครงการอีกครั้ง  "
ระบบสาธารณูปโภค-สาธารณูปการ  ,,ระบบสาธารณูปโภคและสาธารณูปการทางโครงการมีการใช้ร่วมกันกับบริษัท เกษตรไทย อุตสาหกรรมน้ําตาล จํากัด ประกอบด้วย การใช้น้ําดิบ น้ําหมุนเวียนบําบัด ถนนทางเข้า-ออก ชานอ้อย ลาน กองเก็บชานอ้อย และท่อน้ําดับเพลิง (แสดงผังการเชื่อมโยงระบบสาธารณูปโภคต่างๆ ดังรูปที่ 2-27 ) ซึ่งมี รายละเอียดดังนี้ 
ระบบสาธารณูปโภค-สาธารณูปการ  น้ําดิบ ,,"น้ําดิบที่ใช้ของโครงการจะนํามาจากบ่อน้ําดิบของบริษัท เกษตรไทยอุตสาหกรรมน้ําตาล  จํากัด โดยจําหน่ายให้กับโครงการในอัตราลูกบาศก์เมตรละ 5 บาท ตามสัญญาซื้อ-ขายน้ําดิบ (ภาคผนวก 2 ข) ดังนั้น แหล่งที่มาน้ําใช้ของโครงการ จึงเป็นแหล่งเดียวกับของบริษัท เกษตรไทยอุตสาหกรรมน้ําตาล  จํากัด ซึ่งใช้เป็นแหล่งน้ําหลักของโครงการ (ดังรูปที่ 2-22) และในกรณีที่น้ําจากบ่อน้ําดิบของบริษัท เกษตร ไทยอุตสาหกรรมน้ําตาล จํากัด ไม่เพียงพอ จะมีแหล่งน้ําสํารอง ได้แก่ บ่อน้ําดิบของ บริษัท เอ็นไวรอนเมนท์ พัลพ์ แอนด์ เปเปอร์ จํากัด โดยทําการซื้อ-ขายในอัตราเดียวกันกับอัตราซื้อ-ขายกับบริษัท เกษตรไทย อุตสาหกรรมน้ําตาล จํากัด ตามสัญญาซื้อ-ขายน้ําดิบ (ภาคผนวก 2ข)  
โดยความต้องการของน้ําดิบที่ใช้ในโครงการมีจํานวน 472,567.38 ลูกบาศก์เมตร/ปี ซึ่งจะ นําเสนอรายละเอียดต่อไป  "
ระบบสาธารณูปโภค-สาธารณูปการ  น้ําหมุนเวียนบําบัด  ,,"น้ําเสียจากกระบวนการผลิต ประกอบด้วยน้ําเสียที่มาจากกระบวนการผลิต ใน 2 ส่วน ได้แก่  น้ํา Blow down จากหม้อไอน้ํา และ น้ํา Drain cooling จากหอหล่อเย็น ซึ่งน้ําเสียทั้ง 2 ส่วนนี้จะถูก รวบรวมลงสู่ระบบบําบัดของน้ําเสียของโครงการเช่นกัน ดังรูปที่ 2-23  
สําหรับน้ําทิ้งจากกระบวนการผลิตนั้นจะหมุนเวียนกลับมาใช้ใหม่ในกิจกรรมต่างๆ ส่วนน้ําทิ้ง จากสํานักงานจะปล่อยให้ซึมลงดินตามธรรมชาติ  - นําไปพรมกองเก็บชานอ้อย ของบริษัท เกษตรไทยอุตสาหกรรมน้ําตาล จํากัด โดยน้ําส่วนนี้ หลังจากพรมชานอ้อยแล้วจะระเหยออกไปในบรรยากาศทั้งหมด จึงไม่เป็นการเพิ่มปริมาณน้ําเสียให้กับ ระบบบําบัดน้ําเสียของบริษัท เกษตรไทยอุตสาหกรรมน้ําตาล จํากัด  
โดยในการนําน้ํากลับมาใช้ใหม่นั้น จะทําการปั๊มน้ําจากบ่อบําบัดน้ําเสียบ่อสุดท้ายไปตาม ระบบท่อน้ําหมุนเวียนบําบัด ดังแสดงในรูปที่ 2-24 ซึ่งจะมีระบบหัวพ่นน้ํา (Sprinkler) ฉีดพรมบริเวณลาน กองเก็บชานอ้อยและบ่อขี้เถ้า รวมถึงน้ําที่ใช้ในการรดน้ําต้นไม้ โดยจะต่อจากจุดจ่ายน้ําที่จัดเตรียมไว้ออกไป นั่นเอง โดยรายละเอียดน้ําหมุนเวียนบําบัด มีดังนี้  - นําไปใช้ในส่วนของการรดน้ําต้นไม้ในโครงการ ซึ่งเป็นพื้นที่สีเขียวของโครงการ  
- ใช้เป็นน้ําพรมดักเถ้าหนักจากหม้อไอน้ํา "
ระบบสาธารณูปโภค-สาธารณูปการ  ถนนทางเข้า-ออกโครงการ  ,,ทางเข้าโครงการจากถนนสายเอเชีย (ทางหลวงหมายเลข 32) ทิศทางจากกรุงเทพมหานคร  ขึ้นสู่จังหวัดนครสวรรค์ เมื่อถึงแยกหางน้ําสาคร-หนองโพ แล้วเลี้ยวขวาเข้าสู่ถนนหมายเลข 3212 ประมาณ  10 กิโลเมตร จะถึงทางเข้าพื้นที่โครงการ ให้เลี้ยวซ้ายเข้าถนนซึ่งเป็นถนนสาธารณะอีกประมาณ 4 กิโลเมตร  จะถึงเขตโครงการ(ดังรูปที่ 2-25) โดยพื้นที่ที่ผ่านเข้ามาเป็นพื้นที่อยู่ในเขตของบริษัท เกษตรไทย อุตสาหกรรมน้ําตาล จํากัด โดยมีหนังสือแสดงความยินยอมให้ผ่านทาง (ภาคผนวก 2ง)  
ระบบสาธารณูปโภค-สาธารณูปการ  ชานอ้อย  ,,"ชานอ้อย ซึ่งเป็นวัตถุดิบของโครงการจะถูกเก็บไว้ที่ลานกองเก็บชานอ้อยของบริษัท เกษตร ไทยอุตสาหกรรมน้ําตาล จํากัด เพื่อส่งให้โครงการใช้ในการผลิตกระแสไฟฟ้าในฤดูหีบอ้อยเท่ากับ 360,000  ตัน ฤดูละลายน้ําตาลเท่ากับ 108,000 ตัน และในฤดูซ่อมแซมของโรงงานน้ําตาลเท่ากับ 103,230 ตัน  รวมทั้งปีเท่ากับ 571,230 ตัน "
ระบบสาธารณูปโภค-สาธารณูปการ  ลานกองเก็บชานอ้อย  ,,โครงการจะใช้ชานอ้อยซึ่งทางบริษัท เกษตรไทยอุตสาหกรรมน้ําตาล จํากัด เป็นผู้จัดส่งให้ผ่าน ระบบสายพานลําเลียงแบบปิดมาจากลานกองเก็บชานอ้อยซึ่งอยู่ในพื้นที่บริเวณของบริษัท เกษตรไทย อุตสาหกรรมน้ําตาล จํากัด ดังนั้น ผู้ดูแลรับผิดชอบการจัดการลานกองเก็บชานอ้อย (ดังรูปที่ 2-26) จึงเป็น หน้าที่ของบริษัท เกษตรไทยอุตสาหกรรมน้ําตาล จํากัด
ระบบสาธารณูปโภค-สาธารณูปการ  ท่อน้ําดับเพลิง  ,,โครงการกําหนดให้ติดตั้งอุปกรณ์ป้องกันและระบบระงับอัคคีภัยต่างๆ ภายในและภายนอก อาคาร เป็นไปตามมาตรฐาน National Fire Protection Association (NFPA) ในส่วนของแหล่งน้ํา ดับเพลิง จะใช้น้ําจากบ่อน้ําดิบบ่อที่ 2 (รูปที่ 2-22) ซึ่งเป็นบ่อน้ําดิบของบริษัท เกษตรไทยอุตสาหกรรม น้ําตาล จํากัด ทั้งนี้หลังจากดําเนินการโครงการ จะไม่ทําให้อุปกรณ์ป้องกันและระงับอัคคีภัยเปลี่ยนแปลงไป  เนื่องจากมีระบบเดิมของบริษัท เกษตรไทยอุตสาหกรรมน้ําตาล จํากัด อยู่แล้วและยังได้จัดอุปกรณ์ป้องกัน ภัยส่วนบุคคลของโครงการเพิ่มเติม สําหรับรายละเอียดอุปกรณ์ในการป้องกันและระงับอัคคีภัย
ระบบสาธารณูปโภค-สาธารณูปการ  น้ําดิบ  ,,ปริมาณการใช้น้ําในระบบสามารถแสดงในภาพสมดุลน้ําของโครงการ โดยแบ่งตามฤดูหีบอ้อยและ ฤดูละลายน้ําตาล ดังแสดงในรูปที่ 2-28 และฤดูซ่อมแซมของโรงงานน้ําตาล ดังแสดงในรูปที่ 2-29 โดย กระบวนการผลิตน้ําใช้ในโครงการ มีรายละเอียด ดังนี้  
ระบบสาธารณูปโภค-สาธารณูปการ  น้ําดิบ  1. ระบบผลิตน้ําใส (Clear Water)  ,,"ระบบผลิตน้ําใสของโครงการมีกําลังการผลิต เท่ากับ 9,600 ลูกบาศก์เมตร/วัน โดยจะทําการผลิต น้ําใสในฤดูหีบอ้อยและฤดูละลายน้ําตาล เท่ากับ 1,553.50 ลูกบาศก์เมตร/วัน และฤดูซ่อมแซมของโรงงาน น้ําตาล 3,678.70 ลูกบาศก์เมตร/วัน โดยเริ่มจาก ทําการสูบน้ําดิบจากบ่อพักของ บริษัท เกษตรไทย อุตสาหกรรมน้ําตาล จํากัด ผ่านเข้าถัง Clarify และระบบกรองทราย จะได้น้ําที่เรียกว่า น้ําใส น้ําในส่วนนี้จะ ถูกนําไปใช้ แบ่งเป็น 3 ส่วน คือ  
- นําไปใช้ที่ระบบ Cooling Tower เพื่อใช้ในการชดเชย โดยในฤดูหีบอ้อยและฤดูละลายน้ําตาล เท่ากับ 1,449.00 ลูกบาศก์เมตร/วัน และฤดูซ่อมแซมของโรงงานน้ําตาลเท่ากับ 3,578.40 ลูกบาศก์เมตร/ วัน ซึ่งน้ําส่วนหนึ่งจะระเหยออกไป และอีกส่วนหนึ่งจะทําการ Drain ออกเพื่อปรับสภาพน้ํา โดยน้ํา Drain  Cooling นี้จะถูกรวบรวมลงสู่ระบบบําบัดน้ําเสียของโครงการ  
- นําไปใช้เป็นน้ําใช้สํานักงานโดยในฤดูหีบอ้อย ฤดูละลายน้ําตาล และฤดูซ่อมแซมของโรงงาน น้ําตาลจะใช้ในปริมาณที่เท่ากัน คือ 7.8 ลูกบาศก์เมตร/วัน โดยน้ําเสียจากสํานักงานจะถูกบําบัดโดยถัง บําบัดน้ําเสียสําเร็จรูป (Septic - Bio Film) โดยหลังจากผ่านการบําบัดแล้ว จะถูกปล่อยซึมลงดินตาม ธรรมชาติ  
- นําไปยังกระบวนการผลิตน้ําบริสุทธิ์สําหรับใช้ในหม้อไอน้ํา โดยจะถูกเก็บไว้ใน Storage Tank  ก่อนเข้าไปใช้ใน Boiler ต่อไป ในฤดูหีบอ้อยและฤดูละลายน้ําตาลเท่ากับ 96.70 ลูกบาศก์เมตร/วัน และฤดู ซ่อมแซมของโรงงานน้ําตาลเท่ากับ 92.50 ลูกบาศก์เมตร/วัน ซึ่งจะมีน้ํา Blowdown ของตัว Boiler ออกมา และรวบรวมลงสู่ระบบบําบัดน้ําเสียของโครงการ"
ระบบสาธารณูปโภค-สาธารณูปการ  น้ําดิบ  2. ระบบผลิตน้ําบริสุทธิ์ (Demineral Water)  ,,"ระบบผลิตน้ําบริสุทธิ์ ของโครงการมีกําลังการผลิตสูงสุด เท่ากับ 1,680 ลูกบาศก์เมตร/วัน ทําการ ผลิตน้ําบริสุทธิ์ โดยรับน้ําใส เข้ามาในฤดูหีบอ้อยและฤดูละลายน้ําตาลเท่ากับ 96.70 ลูกบาศก์เมตร/วัน และ ฤดูซ่อมแซมของโรงงานน้ําตาลเท่ากับ 92.50 ลูกบาศก์เมตร/วัน ผ่านถัง Carbon Filter เพื่อกําจัดคลอรีน  ก่อนเข้าระบบ Reverse Osmosis : RO จากนั้นจะผ่าน Mixed Bed Resin Column เพื่อกําจัดอิออนใน น้ํา จนได้น้ําที่มีความบริสุทธิ์สูง เรียกว่า น้ําบริสุทธิ์ โดยปริมาณน้ําที่จะป้อนเข้าหม้อไอน้ําในฤดูหีบอ้อยและ ฤดูละลายน้ําตาลเท่ากับ 72.00 ลูกบาศก์เมตร/วัน และฤดูซ่อมแซมของโรงงานน้ําตาลเท่ากับ 68.88  
ลูกบาศก์เมตร/วัน ในการผลิตน้ําใช้ในโครงการ (น้ําใสและน้ําบริสุทธิ์) จะเกิดกากตะกอน (Sludge) ใน กระบวนการต่างๆ รวมถึงน้ําล้างระบบ (Back wash) ซึ่งจะมีการ Drain ออกจากระบบ ลงสู่บ่อผึ่งตะกอน  (Sludge Pond) โดยปริมาณตะกอนแห้ง ( Dry Sludge) เท่ากับ 0.24 ลูกบาศก์เมตร/วัน (โดยคิดในช่วงการ  Drain ตะกอนสูงสุดของโครงการคือช่วงฤดูซ่อมแซมของโรงงานน้ําตาล) ซึ่งบ่อผึ่งตะกอนของโครงการมี ความจุ 76.50 ลูกบาศก์เมตร ดังนั้น จะสามารถเก็บกักตะกอนได้ 319 วัน จึงสามารถเก็บกักตะกอนได้"
ระบบสาธารณูปโภค-สาธารณูปการ  ระบบไฟฟ้าและพลังงาน  1) ช่วงก่อสร้าง  ,," ในช่วงก่อสร้างโครงการจะใช้ไฟฟ้าของทางโรงงานน้ําตาลโดยจะติดตั้งหม้อแปลงชั่วคราวขนาด  1000 KVA, 22 KV/400 V ภายในพื้นที่โครงการ เพื่อใช้ในการก่อสร้างต่อไป  "
ระบบสาธารณูปโภค-สาธารณูปการ  ระบบไฟฟ้าและพลังงาน  2) ช่วงดําเนินการ  ,,"ในช่วงแรกของการดําเนินโครงการจะทําการซื้อไฟฟ้าจากการไฟฟ้าส่วนภูมิภาคเพื่อใช้เองและ จําหน่ายให้กับโรงงานในกลุ่ม 3 โรงงาน ได้แก่ โรงงานน้ําตาล (KTIS), โรงงานเยื่อกระดาษ (EPPCO), และ โรงงานผลิตเอทานอล (EPC) หลังจากนั้นจะทําการผลิตเพื่อใช้เองและจําหน่ายออกไปทั้งหมด  "
ระบบสาธารณูปโภค-สาธารณูปการ  ระบบการใช้น้ํา  1) ช่วงก่อสร้าง  ,,"ในช่วงก่อสร้างคาดว่าจะใช้คนงานสูงสุดประมาณ 100 คน โดยคนงานพักอยู่ในโครงการ ประมาณ 30 คน และพักอยู่ภายนอกโครงการประมาณ 70 คน มีอัตราการใช้น้ําเพื่อการอุปโภค บริโภค  ของคนงานที่พักภายในโครงการ และนอกโครงการเท่ากับ 200 ลิตร /คน-วัน และ 50 ลิตร/คน-วัน  ตามลําดับ คิดเป็นปริมาณน้ําใช้รวม 9.5 ลูกบาศก์เมตร/วัน สําหรับน้ําใช้ในกิจกรรมก่อสร้างประมาณ 10  ลูกบาศก์เมตร/วัน รวมเป็นความต้องการใช้น้ําในส่วนนี้เท่ากับ 19.5 ลูกบาศก์เมตร/วัน โดยแหล่งน้ําใช้ของ 
คนงานและน้ําที่ใช้ในการก่อสร้างนั้น ทางโรงงานน้ําตาลจะเป็นผู้จัดส่งมาให้จากระบบประปาของโรงงาน   2) ช่วงดําเนินการ  
 (1) ปริมาณการใช้น้ํา  
 การใช้น้ําในช่วงดําเนินการจะแบ่งเป็น 2 ส่วน ได้แก่ น้ําใช้ทั่วไปสําหรับพนักงานและล้าง พื้นที่โรงงาน และน้ําใช้ในกระบวนการผลิต โดยปริมาณการใช้น้ําในช่วงฤดูเปิดหีบอ้อย ฤดูละลายน้ําตาล  และฤดูซ่อมแซม เท่ากับ 1,563.69 1,563.69 และ 3,703.80 ลูกบาศก์เมตรต่อวันตามลําดับ รวมปริมาณ 
การใช้น้ําของโครงการทั้งหมด 472,567.38 ลูกบาศก์เมตร ดังตารางที่ 2-9 โดยมีรายละเอียดดังนี้   (1.1) น้ําใช้ในการอุปโภคบริโภคของพนักงาน  
 ในช่วงดําเนินการจะมีพนักงานจํานวน 78 คน ซึ่งน้ําใช้พนักงานจะมา จากระบบผลิตน้ําของโรงงานน้ําตาลทั้งหมด ส่วนน้ําดื่มโครงการจะเป็นผู้จัดหาน้ําดื่มแบบบรรจุถังและขวด มาให้เพียงพอ  
 (1.2) น้ําใช้ในสํานักงาน  
 น้ําใช้ในสํานักงาน คาดว่าจะมีปริมาณการใช้ 25 ลูกบาศก์เมตร/วันใน แต่ละช่วงฤดู ทําให้มีปริมาณน้ําใช้รวม 6,000 ลูกบาศก์เมตร "
ระบบสาธารณูปโภค-สาธารณูปการ  ระบบการใช้น้ํา   (2) แหล่งน้ําดิบของโครงการ  ,,น้ําดิบที่ใช้ของโครงการจะนํามาจากบ่อน้ําดิบของบริษัท เกษตรไทยอุตสาหกรรมน้ําตาล  จํากัด โดยจําหน่ายให้กับโครงการในอัตราลูกบาศก์เมตรละ 5 บาท ตามสัญญาซื้อ-ขายน้ําดิบ (ภาคผนวก 2 ข) ดังนั้น แหล่งที่มาน้ําใช้ของโครงการ จึงเป็นแหล่งเดียวกับของบริษัท เกษตรไทยอุตสาหกรรมน้ําตาล  จํากัด ซึ่งใช้เป็นแหล่งน้ําหลักของโครงการ และในกรณีที่น้ําจากบ่อน้ําดิบของบริษัท เกษตรไทยอุตสาหกรรม น้ําตาล จํากัด ไม่เพียงพอต่อความต้องการ จะมีแหล่งน้ําดิบสํารอง ได้แก่ บ่อน้ําดิบของ บริษัท เอ็นไวรอน เม็นท์พัลพ์ แอนด์ เปเปอร์ จํากัด โดยทําการซื้อ-ขายในอัตราเดียวกันกับบริษัท เกษตรไทยอุตสาหกรรม น้ําตาล จํากัด ตามสัญญาซื้อ-ขายน้ําดิบ (ภาคผนวก 2ข) รายละเอียดของแหล่งน้ํามีดังนี้ 
ระบบสาธารณูปโภค-สาธารณูปการ  ระบบการใช้น้ํา  (3) การประเมินความเพียงพอของปริมาณน้ําดิบ  ,,"ปริมาณการใช้น้ําของโครงการและบริษัท เกษตรไทยอุตสาหกรรมน้ําตาล จํากัด  
(3.1) ปริมาณการใช้น้ําของบริษัท เกษตรไทยอุตสาหกรรมน้ําตาล จํากัด  
น้ําใช้มีอยู่ด้วยกัน 2 ส่วน ดังนี้  
1) น้ําหมุนเวียนบําบัด มาจากระบบบําบัดน้ําเสียบ่อสุดท้าย ที่ผ่านกระบวนการบําบัดจน ได้มาตรฐานแล้ว หมุนเวียนกลับไปใช้ในโรงงานเป็นน้ําล้างทําความสะอาดต่างๆ, รดน้ําต้นไม้, รวมถึงนําไป พรมราดถนน เพื่อลดปริมาณฝุ่นละอองในฤดูหนาวและฤดูร้อน โดยมีปริมาณการหมุนเวียนเฉลี่ยเท่ากับ  2,880 ลูกบาศก์เมตร/วัน (ที่มา : บริษัท เกษตรไทยอุตสาหกรรมน้ําตาล จํากัด, 2553) ซึ่งน้ําในส่วนนี้จะ นํามาใช้เฉพาะฤดูหีบอ้อย (150 วัน) และฤดูละลายน้ําตาล (45 วัน) เท่านั้น 
ดังนั้น จะมีปริมาณน้ําหมุนเวียนบําบัดปีละ = 2,880 ลูกบาศก์เมตร/วัน x (150 + 45 ) วัน   = 561,600 ลูกบาศก์เมตร  
2) น้ําดิบที่เพิ่มเข้าไปในระบบ (Add up) ซึ่งเป็นน้ําที่ใช้ในกระบวนการผลิต เช่น เป็นน้ํา ในหม้อไอน้ํา, หม้อต้ม,และหม้อเคี่ยว เป็นต้น โดยในแต่ละฤดูจะมีปริมาณที่ต่างกันดังนี้  
- ฤดูหีบอ้อยเกิดขึ้นในช่วงปลายเดือนพฤศจิกายน – เดือนเมษายน รวม 150 วัน มีการใช้ น้ําเฉลี่ย 11,790 ลูกบาศก์เมตร/วัน ดังนั้น มีการใช้น้ําทั้งหมด = 11,790 x 150  = 1,768,500 ลูกบาศก์เมตร  
- ฤดูละลายน้ําตาลเกิดขึ้นในช่วงเดือนพฤษภาคม – กลางเดือนมิถุนายน รวม 45 วัน มี การใช้น้ําเฉลี่ย 9,589 ลูกบาศก์เมตร/วัน ดังนั้น มีการใช้น้ําทั้งหมด = 9,589 x 45  = 431,505 ลูกบาศก์เมตร  
- ฤดูซ่อมแซมของโรงงานน้ําตาลเกิดขึ้นในช่วงกลางเดือนมิถุนายน – ปลายเดือน 
พฤศจิกายน รวม 170 วัน มีการใช้น้ําเฉลี่ย 512 ลูกบาศก์เมตร/วัน ดังนั้น มีการใช้น้ําทั้งหมด  
= 512 x 170  
= 87,040 ลูกบาศก์เมตร  
ดังนั้น จะมีการใช้น้ําดิบต่อปีทั้งหมด = 1,768,500 + 431,505 + 87,040  = 2,287,045 ลูกบาศก์เมตร  
(ที่มา : ข้อมูลปริมาณการใช้น้ําเฉลี่ย 3 ปีย้อนหลัง (ปี 2551– 2553) ของบริษัท เกษตรไทยอุตสาหกรรม น้ําตาล จํากัด)  
 ดังนั้น คงเหลือน้ําในบ่ออีก = 3,103,013.94 – 2,287,045   = 815,968.94 ลูกบาศก์เมตร"
ระบบสาธารณูปโภค-สาธารณูปการ  ระบบการใช้น้ํา      (3.2) ปริมาณการใช้น้ําของโครงการ  ,,"จะใช้น้ําดิบที่ซื้อจากบริษัท เกษตรไทยอุตสาหกรรมน้ําตาล จํากัด ในปริมาณ ดังนี้  - ฤดูหีบอ้อย (150 วัน) ใช้น้ําเฉลี่ย 1,563.698 ลูกบาศก์เมตร/วัน  
ดังนั้น มีการใช้น้ําทั้งหมด = 1,563.698 ลูกบาศก์เมตร/วัน x 150 วัน  
 = 234,554.70 ลูกบาศก์เมตร  
- ฤดูละลายน้ําตาล (45 วัน) ใช้น้ําเฉลี่ย 1,563.698 ลูกบาศก์เมตร/วัน  
ดังนั้น มีการใช้น้ําทั้งหมด = 1,563.698 ลูกบาศก์เมตร/วัน x 45 วัน  
 = 70,366.41 ลูกบาศก์เมตร  
- ฤดูซ่อมแซมของโรงงานน้ําตาล (45 วัน) ใช้น้ําเฉลี่ย 3,703.806 ลูกบาศก์เมตร/วัน  ดังนั้น มีการใช้น้ําทั้งหมด = 3,703.806 ลูกบาศก์เมตร/วัน x 45 วัน  
 = 166,671.27 ลูกบาศก์เมตร 
- นอกฤดูการผลิตไฟฟ้าจะเป็นฤดูการซ่อมแซมเครื่องจักรของโครงการ ซึ่งเกิดขึ้นในช่วงเดือน สิงหาคมถึงปลายเดือนพฤศจิกายน รวม 125 วัน จะมีเฉพาะน้ําใช้ในส่วนของสํานักงานเท่านั้น ซึ่งมีปริมาณ เท่ากับ 7.8 ลูกบาศก์เมตร/วัน  
ดังนั้น มีการใช้น้ําทั้งหมด = 7.8 ลูกบาศก์เมตร/วัน x 125 วัน  
 = 975 ลูกบาศก์เมตร  
(ที่มา : ข้อมูลปริมาณการใช้น้ําของบริษัท เกษตรไทยไบโอเพาเวอร์ จํากัด, 2554)  
ดังนั้น จะมีการใช้น้ําต่อปีทั้งหมด = 234,554.70 + 70,366.41 + 166,671.27 + 975   = 472,567.38 ลูกบาศก์เมตร  จึงมีปริมาณน้ําดิบคงเหลือ  
= ปริมาณน้ําดิบคงเหลือจากบริษัท เกษตรไทยอุตสาหกรรมน้ําตาล จํากัด – ปริมาณน้ําดิบที่ โครงการใช้  
= 815,968.94 – 472,567.38 ลูกบาศก์เมตร/ปี  
= 343,401.56 ลูกบาศก์เมตร/ปี  
จากข้อมูลข้างต้นแสดงให้เห็นว่าทางโครงการใช้น้ําดิบโดยมีแหล่งน้ําหลักมาจากบ่อน้ําดิบของ บริษัท เกษตรไทยอุตสาหกรรมน้ําตาล จํากัด ซึ่งทําการซื้อ-ขาย ตามสัญญาซื้อ-ขายน้ําดิบดังแสดงใน ภาคผนวก 2ข แหล่งน้ําหลักนี้สามารถกักเก็บน้ําฝนและน้ําหลากได้ทั้งหมด 3,103,013.94 ลูกบาศก์เมตร/ปี  โดยจะนําไปใช้ในกิจการของบริษัท เกษตรไทยอุตสาหกรรมน้ําตาล จํากัด 2,287,045.00 ลูกบาศก์เมตร/ปี  และนําไปใช้ในกิจการของโครงการ 472,567.38 ลูกบาศก์เมตร/ปี ทําให้มีน้ําเหลืออีก 343,401.56  ลูกบาศก์เมตร/ปี จะเห็นได้ว่าแหล่งน้ําหลักของโครงการสามารถรองรับความต้องการในการใช้น้ําของ โครงการได้อย่างพอเพียง แต่ในกรณีฤดูแล้งหรือน้ําในแหล่งน้ําหลักไม่เพียงพอ ทางโครงการได้เตรียมแหล่ง น้ําสํารองไว้แล้ว คือ บ่อน้ําดิบของบริษัท เอ็นไวรอนเม็นท์พัลพ์ แอนด์ เปเปอร์ จํากัด โดยมีสัญญาซื้อ-ขาย น้ําดิบ "
ระบบสาธารณูปโภค-สาธารณูปการ  ระบบหล่อเย็น  ,,ระบบน้ําหล่อเย็นของโครงการใช้น้ําจะใช้น้ําจากระบบผลิตน้ําอ่อน โดยน้ําระบายความร้อนที่เย็น แล้วจะถูกรวบรวมลงสู่บ่อพักน้ําของหอหล่อเย็นและจะถูกหมุนเวียนกลับไปใช้ใหม่ ซึ่งจําเป็นต้องมีการ ระบายน้ําทิ้งส่วนหนึ่ง (Blow down Water) เพื่อรักษาคุณภาพน้ําในระบบให้คงที่ ดังนั้น ในระบบน้ําหล่อ เย็นจึงจําเป็นต้องมีการเติมน้ําชดเชยจาการระเหยและการระบายน้ําบางส่วนออกเพื่อป้องกันการกัดกร่อน และเกิดตะกรัน  
ระบบสาธารณูปโภค-สาธารณูปการ  ระบบผลิตไอน้ํา  ,,"ระบบผลิตไอน้ําของโครงการ ประกอบด้วย หม้อไอน้ํา 1 ชุด มีความสามารถในการผลิตไอน้ําได้  240 ตัน/ชม. โดยใช้ชานอ้อยเป็นเชื้อเพลิง สําหรับน้ําชดเชยเข้าระบบผลิตไอน้ําจะใช้น้ําปราศจากแร่ธาตุ  (RO) ในฤดูเปิดหีบอ้อย ในอัตรา 864 ลูกบาศก์เมตร/วัน ช่วงฤดูละลายน้ําตาล 1,212 ลูกบาศก์เมตรต่อวัน  และฤดูซ่อมแซม 2.4 ลูกบาศก์เมตร/วัน"
ระบบสาธารณูปโภค-สาธารณูปการ  ระบบระบายน้ําและป้องกันน้ําท่วม  1) ช่วงก่อสร้าง  ,,ช่วงก่อสร้างโครงการได้จัดให้มีระบบระบายน้ําชั่วคราว ในแนวเดียวกับที่จะจัดสร้างรางระบายน้ํา ถาวร เพื่อป้องกันน้ําฝนที่ชะล้างเศษดินไหลลงสู่พื้นที่ข้างเคียง โดยน้ําฝนที่ตกในพื้นที่โครงการทั้งหมดจะถูก ปล่อยลงสู่บ่อเก็บน้ําดิบของโรงงานน้ําตาลเพื่อเก็บไว้ใช้ต่อไป  
ระบบสาธารณูปโภค-สาธารณูปการ  ระบบระบายน้ําและป้องกันน้ําท่วม  2) ช่วงดําเนินการ  ,,"การออกแบบระบบระบายน้ําฝนของโครงการได้แยกระบบระบายน้ําฝนออกจากระบบ ระบายน้ําเสียอย่างชัดเจน โดยแบ่งพื้นที่การระบายน้ําฝนของโครงการออกเป็น 2 ส่วน ได้แก่ ส่วนบริเวณ อาคารต่างๆ ส่วนบริเวณพื้นที่การผลิต และอาคารเก็บกักสารเคมี มีรายละเอียดดังนี้   - น้ําฝนที่ไม่มีโอกาสปนเปื้อน โครงการได้ออกแบบรางระบายน้ําฝนเป็นรางคอนกรีตเปิด  รอบพื้นที่อาคารต่างๆ และท่อกลมลอดพื้นที่ที่เป็นถนน เพื่อรองรับน้ําฝนที่ไม่มีการปนเปื้อนก่อนระบายลงสู่ บ่อเก็บน้ําดิบของโรงงานน้ําตาล  
 - น้ําฝนที่มีโอกาสปนเปื้อนที่ตกภายในบริเวณพื้นที่ส่วนผลิตเก็บสารเคมีซึ่งมีคอนกรีต ล้อมรอบถังนั้นจะถูกกักเก็บอยู่ในลานถังซึ่งจะมีประตูน้ําควบคุมการเปิด-ปิด โดยหลังจากฝนหยุดตก  โครงการจะตรวจสอบความเป็นกรด-ด่าง ของน้ําฝนที่ถูกกักอยู่ในคันคอนกรีต หากไม่มีการปนเปื้อนจะ ระบายน้ําส่วนนี้ลงสู่รางระบายน้ําฝน แต่หากมีการปนเปื้อนจะระบายลงสู่บ่อบําบัดน้ําเสียของโครงการต่อไป"
มลพิษและการควบคุม  การจัดการมลพิษทางอากาศ  1) ช่วงก่อสร้าง  ,,"ช่วงก่อสร้างอาจก่อให้เกิดฝุ่นละออง เช่น ฝุ่นละอองจากกิจกรรมก่อสร้าง และฝุ่นละออง จากการขนส่งวัสดุอุปกรณ์ก่อสร้างภายในพื้นที่โครงการ เป็นต้น โครงการได้กําหนดให้มีการฉีดพรมน้ําใน บริเวณพื้นที่ที่อาจมีการฟุ้งกระจายของฝุ่นละอองในช่วงฤดูแล้งและช่วงที่ไม่มีฝนตกอย่างน้อยวันละ 2 ครั้ง  
(เช้า-บ่าย) พร้อมทั้งดูแลเครื่องจักร/อุปกรณ์ก่อสร้างต่างๆให้อยู่ในสภาพดี เพื่อลดมลพิษที่อาจเกิดขึ้น   นอกจากนี้ ยังมีการกั้นตาข่ายเพื่อป้องกันฝุ่นละอองฟุ้งกระจายขึงเป็นแนวในบริเวณที่มี การก่อสร้างให้เป็นสัดส่วน และยังมีต้นไม้ทรงสูงที่เป็นของโรงงานน้ําตาลเดิมช่วยในการลดปริมาณฝุ่น ละอองที่เกิดขึ้นจากการก่อสร้างได้อีก  "
มลพิษและการควบคุม  การจัดการมลพิษทางอากาศ  2) ช่วงดําเนินการ  ,,"แหล่งกําเนิดมลพิษทางอากาศช่วงดําเนินการจะมาจากปล่องระบายไอเสียของหม้อไอน้ํา จํานวน 1 ปล่อง ซึ่งใช้ชานอ้อยเป็นเชื้อเพลิง ดังนั้นปริมาณมลพิษหลักที่เกิดขึ้นจึงได้แก่ ฝุ่นละออง ซึ่ง โครงการจะติดตั้งเครื่องดักฝุ่นแบบไฟฟ้าสถิต (Electrostatic Precipitator : ESP) จํานวน 1 ชุด โดย ออกแบบเป็นแบบ 3 เซล ต่อขนานกัน โดยทํางาน 2 เซล และหยุดเคาะฝุ่นออกจํานวน 1 เซล แสดง รายละเอียดแบบแปลนและรูปตัดของเครื่องดักฝุ่นแบบไฟฟ้าสถิตไว้ในรูปที่ 2-30 ดังนั้น เมื่อเกิดเหตุฉุกเฉิน หยุดทํางาน 1 เซลที่เหลือยังสามารถทํางานได้ แต่จําเป็นต้องลด Load การผลิตลงเพื่อรักษาเสถียรภาพการ ผลิตและทําการซ่อมแซมเซลที่ทํางานผิดปกตินั้น โดยเครื่องดักฝุ่นแบบไฟฟ้าสถิตเป็นเครื่องมือที่ใช้แรงไฟฟ้า ในการแยกอนุภาคออกจากกระแสก๊าซโดยมีหลักการ คือ การใส่ประจุไฟฟ้าให้อนุภาค แล้วผ่านอนุภาคที่มี ประจุไฟฟ้าเข้าไปในสนามไฟฟ้าสถิต อนุภาคเหล่านี้จะเคลื่อนที่เข้าหาและถูกเก็บบนแผ่นเก็บซึ่งมีศักย์ไฟฟ้า ตรงกันข้ามกับของอนุภาค เมื่อใดที่เซลใดครบกําหนดเวลาที่ต้องเคาะให้ฝุ่นตกลงไปยังช่องรวบรวมฝุ่น  
สนามไฟฟ้าจะถูกตัด ฝุ่นที่เกาะบนแผ่นดักจับฝุ่นจะถูกเคาะตกลงไปในช่องรวบรวมฝุ่น ก่อนลําเลียงออกไป  ส่วนเซลอื่นๆ ยังทํางานอยู่เพื่อดักจับฝุ่นไม่ให้หลุดออกไปที่ปากปล่อง ทุกเซลจะทํางานและเคาะฝุ่นสลับกัน เรื่อยไป โดยเครื่องควบคุมอัตโนมัติและถ้าหากเซลใดขัดข้องจะมีเซลที่เหลืออยู่ทํางานตลอดเวลา   "
มลพิษและการควบคุม  การจัดการมลพิษทางอากาศ  ข้อดีของระบบบําบัดมลพิษแบบไฟฟ้าสถิตมีดังนี้  ,,"(1) ประสิทธิภาพในการบําบัดฝุ่นสูงมากคือ ร้อยละ 99.8 โดยคาดว่าความเข้มข้นของฝุ่นที่ระบาย ออกจะมีค่าไม่เกินมาตรฐานตามประกาศกระทรวงทรัพยากรธรรมชาติและสิ่งแวดล้อม เรื่อง กําหนด มาตรฐานควบคุมการปล่อยทิ้งอากาศเสียจากโรงไฟฟ้าใหม่ ซึ่งกําหนดค่าความเข้มข้นไว้ไม่เกิน 120  มิลลิกรัม/ลูกบาศก์เมตร  (2) ใช้กับก๊าซสกปรกที่มีปริมาณอนุภาคถึง 100 กรัม/ลูกบาศก์เมตรได้  
 (3) ปฏิบัติการง่ายและไม่มีปัญหายุ่งยาก  
 (4) ค่าใช้จ่ายในการเดินเครื่องต่ําเนื่องจากความดันสูญเสียของระบบมีค่าต่ํา   (5) ดักจับฝุ่นที่มีฤทธิ์กัดกร่อนได้  
 (6) กําจัดได้ทั้งอนุภาคของแข็งและหยดของเหลวที่มีขนาดเล็กกว่า 1 ไมครอนได้ดี   (7) ระบบแบบเปียกดักจับก๊าซมลพิษได้และไม่ไวต่อความต้านทานไฟฟ้าของฝุ่น   (8) ลดปริมาณการใช้และบริหารจัดการน้ําในกระบวนการดักจับฝุ่นละออง   "
มลพิษและการควบคุม  การจัดการมลพิษทางอากาศ  ข้อจํากัดของระบบบําบัดมลพิษแบบไฟฟ้าสถิตมีดังนี้  ,,"ข้อจํากัดของระบบบําบัดมลพิษแบบไฟฟ้าสถิตมีดังนี้  
 (1) ต้นทุนสูง  
 (2) ใช้พลังงานสูง  
 (3) ประสิทธิภาพต่ําเมื่อรับภาระสูง(อัตราเร็วของก๊าซและปริมาณฝุ่นสูง)  
 (4) ใช้พื้นที่ติดตั้งมาก  
 (5) ไม่สามารถปรับให้เดินเครื่องในสภาวะที่เปลี่ยนแปรได้  
 (6) ระบบแห้ง ไวต่อปริมาณฝุ่นที่เข้าสู่เครื่อง  
 (7) ในบางกรณีต้องใช้สารปรับสภาพความต้านทางไฟฟ้าของฝุ่น  "
มลพิษและการควบคุม  การจัดการมลพิษทางน้ํา  1) ช่วงก่อสร้าง  ,,น้ําเสียที่เกิดขึ้นในช่วงก่อสร้างมีแหล่งกําเนิดที่สําคัญ คือ น้ําทิ้งจากกิจกรรมการก่อสร้างและน้ํา เสียที่เกิดจากการอุปโภค บริโภค ของคนงาน โดยน้ําทิ้งจากกิจกรรมการก่อสร้าง ได้แก่ น้ําที่ใช้บ่มคอนกรีต  น้ําชะล้างเครื่องมือและอุปกรณ์ก่อสร้าง คาดว่าจะมีปริมาณน้อย เนื่องจากในการก่อสร้างโครงการจะ เลือกใช้คอนกรีตผสมเสร็จ โดยน้ําเสียเหล่านี้จะถูกปล่อยให้ซึมลงไปในพื้นดินบริเวณพื้นที่ก่อสร้างตาม ธรรมชาติ ส่วนน้ําเสียที่เกิดจากการอุปโภค-บริโภคของคนงานก่อสร้าง เมื่อพิจารณาในช่วงที่มีคนงาน ก่อสร้างสูงสุดประมาณ 100 คน จะมีปริมาณน้ําเสียประมาณ 9.5 ลูกบาศก์เมตร/วัน โดยบริษัทผู้รับเหมา การก่อสร้าง จะจัดเตรียมห้องน้ํา-ห้องสุขา สําหรับคนงานในอัตราส่วน 20 คน ต่อ 1 ห้อง  
มลพิษและการควบคุม  การจัดการมลพิษทางน้ํา  2) ช่วงดําเนินการ  ,,"น้ําเสียที่เกิดขึ้นจากโครงการแบ่งได้เป็น 2 ประเภท มีรายละเอียด ดังนี้  1. น้ําเสียจากกระบวนการผลิต  
ประกอบด้วยน้ําเสียที่มาจากกระบวนการผลิต ใน 2 ส่วน ดังนี้  
(1) น้ํา Blow down จากหม้อไอน้ําในช่วงฤดูหีบอ้อย (ปลายเดือนพ.ย.-เม.ย.) และ ช่วงฤดูละลายน้ําตาล (เดือนพ.ค.-กลางเดือนมิ.ย.) มีปริมาณ 72 ลูกบาศก์เมตร/วัน และในช่วงฤดูซ่อมแซม ของโรงงานน้ําตาลมีปริมาณ 68.88 ลูกบาศก์เมตร/วัน โดยนําตัวอย่างน้ํา Blowdown จากบริษัท เอ็นไว รอนเม็นท์พัลพ์ แอนด์ เปเปอร์ จํากัด มาทําการวิเคราะห์คุณลักษณะของน้ํา ดังแสดงในตารางที่ 2-10 น้ํา เสียส่วนนี้จะถูกรวบรวมลงสู่ระบบบําบัดน้ําเสียของโครงการ (2) น้ํา Drain cooling จากหอหล่อเย็น ในช่วงฤดูหีบอ้อย (ปลายเดือนพ.ย.-เม.ย.)  และฤดูละลายน้ําตาล (เดือนพ.ค.-กลางเดือนมิ.ย.) มีปริมาณ 69 ลูกบาศก์เมตร/วัน และในช่วงฤดูซ่อมแซม ของโรงงานน้ําตาลมีปริมาณ 170.4 ลูกบาศก์เมตร/วัน โดยนําตัวอย่างน้ํา Drain Coolingจากบริษัท เอ็นไว รอนเม็นท์พัลพ์ แอนด์ เปเปอร์ จํากัด มาทําการวิเคราะห์คุณลักษณะของน้ํา ดังแสดงในตารางที่ 2-11 น้ํา เสียส่วนนี้จะถูกรวบรวมลงสู่ระบบบําบัดของน้ําเสียของโครงการ  "
มลพิษและการควบคุม  การจัดการมลพิษทางน้ํา  การบําบัดทางเคมี (Chemical  Treatment) ,,"ดังนั้น การบําบัดน้ําจากกระบวนการผลิตของโครงการจึงใช้การบําบัดทางเคมี (Chemical  Treatment) ซึ่งเป็นวิธีการบําบัดน้ําเสียโดยใช้กระบวนการทางเคมี เพื่อทําปฏิกิริยากับสิ่งเจือปนในน้ําเสีย  วิธีการนี้จะใช้สําหรับน้ําเสียที่มีส่วนประกอบอย่างใดอย่างหนึ่งดังต่อไปนี้ คือ ค่า pH สูงหรือต่ําเกินไป มี สารพิษ มีโลหะหนัก มีของแข็งแขวนลอยที่ตกตะกอนยาก มีไขมันและน้ํามันที่ละลายน้ํา มีไนโตรเจนหรือ 
ฟอสฟอรัสที่สูงเกินไป และมีเชื้อโรค เป็นต้น (ที่มา : กรมควบคุมมลพิษ)"
มลพิษและการควบคุม  การจัดการมลพิษทางน้ํา  Neutralization,,การบําบัดทางเคมีที่โครงการเลือกใช้คือวิธีการทําให้เป็นกลาง (Neutralization) โดยการทํางาน ของระบบจะเริ่มจากการรวบรวมน้ําเสียลงสู่บ่อบําบัดน้ําเสียบ่อที่ 1 ทําการใช้สารเคมี (H2SO4) เพื่อปรับค่า  pH ให้อยู่ในระดับ 6.5-8.0 หลังจากนั้น น้ําเสียจะไหลเข้าสู่บ่อที่ 2 และ 3 ตามลําดับ โดยลักษณะของบ่อ บําบัดเป็นบ่อคอนกรีต เพื่อป้องกันน้ําเสียซึมลงสู่น้ําใต้ดิน ซึ่งรายละเอียดของแต่ละบ่อมีดังนี้  
มลพิษและการควบคุม  การจัดการมลพิษทางน้ํา  ระบบบําบัดน้ําเสีย,,"ระบบบําบัดน้ําเสียของโครงการสามารถรองรับน้ําเสียได้ 8,250 ลูกบาศก์เมตร มีน้ําเสียที่เกิดจาก กระบวนการผลิตสูงสุดที่ใช้ในการออกแบบประมาณ 300 ลูกบาศก์เมตร/วัน และมีระยะเวลาเก็บกักของ ระบบเท่ากับ 27.5 วัน คุณลักษณะของน้ําเสียที่ออกจากระบบบําบัดน้ําเสียของโครงการ ดังแสดงในตารางที่ 2-13 "
มลพิษและการควบคุม  การจัดการมลพิษทางน้ํา  การจัดการน้ําทิ้งของโครงการจะใช้หลักการหมุนเวียนน้ํา,,"การจัดการน้ําทิ้งของโครงการจะใช้หลักการหมุนเวียนน้ําที่ผ่านการบําบัดแล้ว กลับมาใช้ใน โครงการอีกครั้ง โดยจะมีส่วนในการจัดการดังนี้  
- นําไปใช้ในส่วนของการรดน้ําต้นไม้ในโครงการ ซึ่งเป็นพื้นที่สีเขียวของโครงการ มีอัตราการใช้น้ํา  10 ลูกบาศก์เมตร/วัน  
- ใช้เป็นน้ําพรมดักเถ้าหนักจากหม้อไอน้ํา มีอัตราการใช้น้ํา 20 ลูกบาศก์เมตร/วัน  
- นําไปพรมกองชานอ้อย โดยในช่วงฤดูหีบอ้อยและฤดูละลายน้ําตาล มีอัตราการใช้น้ําเท่ากับ 111  ลูกบาศก์เมตร/วัน และในช่วงฤดูซ่อมแซมของโรงงานน้ําตาล มีอัตราการใช้น้ํา 209.28 ลูกบาศก์เมตร/วัน  โดยน้ําส่วนนี้หลังจากพรมชานอ้อยแล้วจะระเหยออกไปในบรรยากาศทั้งหมด สามารถแสดงการคํานวณได้  ดังนี้  
ปริมาณน้ําที่ใช้พรมชานอ้อยของบริษัท เกษตรไทยอุตสาหกรรมน้ําตาล จํากัด = 200 ลูกบาศก์เมตร/วัน  ปริมาณน้ําที่ใช้พรมชานอ้อยของโครงการสูงสุด = 209.28 ลูกบาศก์เมตร/วัน  ปริมาณน้ํารวมที่ใช้พรมชานอ้อย = 200 + 209.28  = 409.28 ลูกบาศก์เมตร/วัน  
พื้นที่ลานกองเก็บชานอ้อยของบริษัท เกษตรไทยอุตสาหกรรมน้ําตาล จํากัด = 82,961 ตารางเมตร  อัตราการระเหย = 1,877 มิลลิเมตร/ปี  (ที่มา : ข้อมูลจากสถิติภูมิอากาศในคาบ 30 ปี (พ.ศ.2523-2552) ของสถานีตรวจวัดอากาศนครสวรรค์) "
มลพิษและการควบคุม  การจัดการมลพิษทางน้ํา  ปริมาณน้ํารวมที่ใช้พรมชานอ้อย ,,"ดังนั้น ปริมาณน้ํารวมที่ใช้พรมชานอ้อย (409.28 ลูกบาศก์เมตร/วัน) จะน้อยกว่า ปริมาณน้ําที่ ระเหยไป (426.62 ลูกบาศก์เมตร/วัน) ทําให้น้ําพรมชานอ้อยสามารถระเหยออกไปในบรรยากาศทั้งหมด  แสดงให้เห็นว่า ลานกองเก็บชานอ้อย จะสามารถรองรับน้ําทิ้งจากโครงการได้โดยไม่ก่อให้เกิดผลกระทบกับ การใช้น้ําและการบําบัดน้ําเสียจากลานกองเก็บชานอ้อยของบริษัท เกษตรไทยอุตสาหกรรมน้ําตาล จํากัด  
แต่อย่างใด  
 โดยในการนําน้ํากลับมาใช้ใหม่นั้น จะทําการปั๊มน้ําจากบ่อบําบัดน้ําเสียบ่อสุดท้ายไปตามระบบท่อ น้ําหมุนเวียนบําบัด ดังแสดงในรูปที่ 2-31 ซึ่งจะมีระบบหัวพ่นน้ํา (Sprinkler) ฉีดพรมบริเวณลานกองเก็บ ชานอ้อยและบ่อขี้เถ้า รวมถึงน้ําที่ใช้ในการรดน้ําต้นไม้ โดยจะต่อจากจุดจ่ายน้ําที่จัดเตรียมไว้ออกไปนั่นเอง   ดังนั้น น้ําทิ้งจากระบบบําบัดส่วนนี้ทางโครงการสามารถนํากลับมาใช้ได้ทั้งหมด แสดงให้เห็นว่า  ปริมาณน้ําเข้าจะเท่ากับปริมาณน้ําออกในแต่ละวัน จึงไม่เกิดปัญหาน้ําไหลล้นออกนอกพื้นที่โครงการ และ การนํากลับไปใช้นั้น มิได้นํากลับไปใช้ในส่วนของกระบวนการผลิต คือนําเข้าหม้อไอน้ําและหอหล่อเย็น  ดังนั้น จะไม่พบปัญหาการสะสมของสารละลายทั้งหมด (Total Dissolved Solid : TDS) ในกระบวนการ หมุนเวียนน้ําใช้ของโครงการ  
แต่อย่างไรก็ตาม ทางโครงการได้คํานึงถึงปัจจัยที่อาจก่อให้เกิดน้ําล้นระบบได้ และทําการจัดเตรียม มาตรการในการป้องกันไว้ ในแต่ละกรณี ดังนี้  "
มลพิษและการควบคุม  การจัดการมลพิษทางน้ํา  กรณีเกิดฝนตกในพื้นที่ต่อเนื่องยาวนาน  ,,"ทางโครงการได้จัดให้มีรางระบายน้ําฝนแยกกับรางระบายน้ําเสีย และน้ําฝนจะไหลลงสู่บ่อเก็บน้ํา ดิบของบริษัท เกษตรไทยอุตสาหกรรมน้ําตาล จํากัด ดังนั้นปริมาณน้ําที่จะลงบ่อเพิ่มขึ้นหากเกิดกรณีฝนตก ต่อเนื่องกันหลายวัน จะมีเฉพาะปริมาณน้ําฝนที่ตกลงในบ่อบําบัดน้ําเสียโดยตรงเท่านั้น ซึ่งสามารถคํานวณ ได้ ดังนี้  
ปริมาณน้ําฝนสูงสุดต่อวัน = 150.10 มิลลิเมตร/วัน  (ดูข้อมูลจากสถิติภูมิอากาศในคาบ 30 ปีของสถานีตรวจวัดอากาศนครสวรรค์ ปี 2523-2552)  พื้นที่ผิวบ่อบําบัดน้ําเสีย = 3,300 ตารางเมตร  ปริมาณน้ําที่ระบบยังสามารถรองรับได้ = ความจุของบ่อ – ปริมาณน้ําใน บ่อ  
 = 9,900 – 8,250  
 = 1,650 ลูกบาศก์เมตร  ปริมาณน้ําฝนที่ตกลงสู่บ่อโดยตรงเฉลี่ยต่อวัน = 150.10 x 3,300 x 10-3  = 495.33 ลูกบาศก์เมตร/วัน  ดังนั้น ระบบบําบัดน้ําเสียสามารถรองรับน้ําฝนได้ = 1,650/495.33  
 = 3.33 วัน"
มลพิษและการควบคุม  การจัดการมลพิษทางน้ํา  กรณีน้ําล้นระบบ ,,"หากเกิดเหตุการณ์ไม่คาดฝันขึ้น เช่น ระบบล้มเหลว หรือ เกิดเหตุการณ์ฝนตกอย่างหนักผิดปกติ  ทําให้ระดับน้ําในบ่อบําบัดสูงเกินกว่าความจุของบ่อจะสามารถรับได้ ทางโครงการได้จัดให้มีคันคอนกรีตกั้น บริเวณโดยรอบบ่อบําบัดน้ําเสีย โดยคันมีความสูงเท่ากับ 3 เมตร (ดังรูปที่ 2-31) โดยคันกั้นบ่อนี้จะทําให้ สามารถรองรับน้ําในกรณีเหตุไม่คาดฝันนี้ได้อีก 16,454.18 ลูกบาศก์เมตร โดยสามารถแสดงการคํานวณได้  ดังนี้  
พื้นที่เหนือบ่อบําบัดเป็นรูปทรงปิรามิดตัดยอดแบบคว่ําหัวลง ดังนั้น  
จากสูตรปริมาตรปิรามิดตัดยอด ; V = (h )3/ × (A1+ A2 + A1× A )2  V = ปริมาตรปิรามิดตัดยอด (ลูกบาศก์เมตร)   h = ความสูง (เมตร)  
 A1 = พื้นที่ฐานปิรามิด (ตารางเมตร)   A2 = พื้นที่ยอดปิรามิด (ตารางเมตร)  
ปริมาตรบ่อที่ 1  
พื้นที่ฐานปิรามิด A1 : A1 = ( 26 + 6 ) x ( 46 + 6 )   = 1,664 ตารางเมตร   
พื้นที่ยอดปิรามิด A2 : A2 = ( 20 + 6 ) x ( 40 + 6 )   = 1,196 ตารางเมตร   h = 3 เมตร  แทนค่า ; V = [ (3/3) x ( 1,664 + 1,196 + ,1 664x ,1196 )]   = 4,270.72 ลูกบาศก์เมตร  
ปริมาตรบ่อที่ 2  
พื้นที่ฐานปิรามิด A1 : A1 = ( 21 + 6 ) x ( 66 + 6 )   = 1,944 ตารางเมตร   
พื้นที่ยอดปิรามิด A2 : A2 = ( 15 + 6 ) x ( 60 + 6 )   = 1,386 ตารางเมตร   h = 3 เมตร  แทนค่า ; V = [ (3/3) x ( 1,944 + 1,386 + ,1 944x ,1 386 )]   = 4,971.46 ลูกบาศก์เมตร  "
มลพิษและการควบคุม  การจัดการมลพิษทางน้ํา  น้ําเสียจากสํานักงาน  ,,โครงการมีพนักงานทั้งหมด 78 คน คิดอัตราการใช้น้ําเสียเท่ากับ 100 ลิตร/คน-วัน  (ที่มา : กรมควบคุมมลพิษ) โดยโครงการจะคิดเป็นน้ําเสียทั้งหมดออกมา 100% จึงทําให้มีปริมาณน้ําเสียส่วน นี้เท่ากับ 7.8 ลบ.ม./วัน ทางโครงการ ได้จัดให้มีระบบบําบัดน้ําเสียโดยเฉพาะซึ่งมีรายละเอียดในการออกแบบ ระบบบําบัด  จากตารางที่ 2-14 แสดงให้เห็นว่าคุณลักษณะน้ําเสียจากอาคารสํานักงาน มีค่า BOD เท่ากับ 180  มก./ล. โดยทางโครงการได้เลือกใช้ถังบําบัดน้ําเสียสําเร็จรูปแบบ Septic – Bio Film (ST/BF) ซึ่งออกแบบ ค่าบีโอดีของน้ําเสียที่ไหลเข้าถังบําบัด เท่ากับ 250 มก./ล. 
มลพิษและการควบคุม  การจัดการมลพิษทางน้ํา  ถังบําบัดน้ําเสียสําเร็จรูปแบบ Septic – Bio Film (ST/BF) ,,"ถังบําบัดน้ําเสียสําเร็จรูปแบบ Septic – Bio Film (ST/BF) ใช้สําหรับบําบัดน้ําเสียที่เกิดขึ้นจากทุก ส่วนของที่พักอาศัย หรือน้ําเสียชุมชนจากแหล่งอื่นๆ โดยอาศัยจุลินทรีย์ชนิดใช้ออกซิเจนในการเจริญเติบโต  จุลินทรีย์ดังกล่าวจะแขวนลอยในน้ําเสีย และยึดเกาะที่ผิวของตัวกลางในรูปของเมือกจุลินทรีย์ เพื่อย่อย สลายสารอินทรีย์ในน้ําเสียเป็นผลให้ปริมาณสารอินทรีย์ลดลง โดยเฉพาะค่าความสกปรกในรูป BOD และ ของแข็งแขวนลอยต่างๆ ลดลง การให้ออกซิเจนแก่ระบบโดยการเติมอากาศด้วยเครื่องจ่ายอากาศ จ่ายไป ตามท่อลม เพื่อเติมอากาศภายในถัง เป็นการเพิ่มปริมาณออกซิเจนแก่ระบบ ซึ่งเมื่อผ่านระบบบําบัดแล้ว จะ ได้น้ําที่มีคุณภาพตามมาตรฐาน สามารถระบายลงสู่ระบบระบาย หรือแหล่งน้ําสาธารณะได้โดยไม่ก่อให้เกิด มลภาวะแก่สภาพแวดล้อม  
ถังบําบัดน้ําเสียสําเร็จรูปแบบ Septic – Bio Film (ST/BF) ดังรูปที่ 2-32 อาศัยกระบวนการย่อย สลายสารอินทรีย์ในน้ําเสียแบบใช้อากาศ โดยน้ําเสียจากกิจกรรมต่างๆภายในอาคารจะไหลลงสู่ถัง Septic –  Bio Film ในส่วนที่ 1 (ถังเกรอะ) ซึ่งทําหน้าที่แยกตะกอนหนักในน้ําและตะกอนเบาออกจากกัน เฉพาะส่วน น้ําใสเท่านั้น ที่จะไหลล้นไปสู่ส่วนที่ 2 (ส่วนกรองเติมอากาศ) ซึ่งมีแบคทีเรียแบบใช้ออกซิเจน (Aerobic  Bacteria) อาศัยอยู่ในน้ําเสีย และลอยอยู่ตามช่องว่างของตัวกลางพลาสติก ทําหน้าที่ย่อยสลายสารอินทรีย์  ให้ได้น้ําทิ้งตามมาตรฐานที่กฎหมายกําหนด โดยมีเกณฑ์การออกแบบทั่วไป "
มลพิษและการควบคุม  การจัดการมลพิษทางน้ํา  คุณลักษณะของน้ําเสีย (Wastewater Characteristic) ,,"ปริมาณน้ําเสียที่ใช้ในการออกแบบ = 4.0 ลูกบาศก์เมตร/วัน  อัตราการไหลเฉลี่ยประจําชั่วโมง = 4.0 / 12   = 0.333... ลูกบาศก์เมตร/ชั่วโมง  อัตราการไหลสูงสุดประจําชั่วโมง = 0.333... x 2   = 0.67 ลูกบาศก์เมตร/ชั่วโมง  ประสิทธิภาพรวมของระบบ Septic – Bio Film (ST/BF) = 92%  
บีโอดีของน้ําเสียที่ไหลเข้าบ่อบําบัดน้ําเสีย = 250 มิลลิกรัม/ลิตร  *BOD Outlet from System (Septic – Bio Film : ST/BF) = 250 x 0.08   = 20 มิลลิกรัม/ลิตร  ดังนั้น บีโอดีของน้ําหลังผ่านการบําบัดแล้วไม่เกิน = 20 มิลลิกรัม/ลิตร  ของแข็งแขวนลอย (SS) หลังผ่านการบําบัดแล้วไม่เกิน = 30 มิลลิกรัม/ลิตร จากข้อมูลข้างต้นจะเห็นได้ว่า ปริมาณน้ําเสียที่ใช้ในการออกแบบระบบบําบัด เท่ากับ 4.0 ลูกบาศก์เมตร/ วัน แต่น้ําเสียส่วนนี้มีปริมาณ เท่ากับ 7.8 ลูกบาศก์เมตร/วัน ดังนั้น ทางโครงการจึงจัดให้มีการติดตั้งถัง บําบัดน้ําเสียสําเร็จรูปแบบ Septic – Bio Film ทั้งหมด 2 ชุด เพื่อให้เพียงพอกับปริมาณน้ําเสียที่เกิดขึ้น  และจะเห็นได้ว่าค่าบีโอดีของน้ําเสียหลังผ่านระบบบําบัดจะอยู่ที่ 20 มิลลิกรัม/ลิตร (รายการคํานวณและ แบบที่มีวิศวกรผู้มีอํานาจลงนามดังแสดงไว้ในภาคผนวก 2ฌ) ซึ่งอยู่ในเกณฑ์มาตรฐานคุณภาพน้ําทิ้งของ กรมโรงงานอุตสาหกรรม (ที่มา : กรมควบคุมมลพิษ) เรียบร้อยแล้ว โดยทางโครงการจะไม่นําน้ําทิ้งที่ผ่าน การบําบัดแล้วจากสํานักงานกลับมาใช้ โดยน้ําทิ้งจะปล่อยให้ซึมลงดินตามธรรมชาติ"
